cid,type_id,adv_id,premise,context
组件id,组件类型名,组件限定的剧情npcid,前提id,组件内容
str,str,int,str,str
0,0,0,0,1
组件配置数据,,,,
1000,action_part_penis_in_body_6_C,0,dr_womb_position_insert,{TargetName}的子宫口被{penis_s}顶开，每次轻微的摩擦都让她全身战栗，子宫颈被撑开的酸胀感与快感交织，让她不禁发出淫荡的呻吟。
1001,action_part_penis_in_body_6_C,0,dr_womb_position_insert,{TargetName}感受着{penis_s}在子宫入口处反复摩擦，敏感的宫颈被刺激得不断收缩，每一次触碰都让她的小腹痉挛，快感如电流般扩散全身。
1002,action_part_penis_in_body_6_C,0,dr_womb_position_insert,子宫口被{penis_s}挤压的感觉让{TargetName}头皮发麻，那种被入侵最深处的羞耻感与快感同时袭来，让她的腰不受控制地扭动着。
1003,action_part_penis_in_body_6_C,0,dr_womb_position_insert,{TargetName}的子宫颈紧紧咬住{penis_s}的前端，每次轻微的抽动都引发一阵令人窒息的快感浪潮，让她忍不住想要更多更深的侵犯。
1004,action_part_penis_in_body_6_C,0,dr_womb_position_insert,{TargetName}从未体验过如此强烈的刺激，{penis_s}在子宫口的顶弄让她的双腿不断颤抖，宫颈被撑开的酸麻感令她忍不住淫叫连连。
1005,action_part_penis_in_body_6_C,0,dr_womb_position_insert,每当{penis_s}挤入子宫口时，{TargetName}都会感到一股热流从小腹蔓延全身，那种被征服最后防线的快感让她的身体不由自主地迎合着每一次插入。
1006,action_part_penis_in_body_6_C,0,dr_womb_position_insert,{TargetName}的子宫口被{penis_s}反复刺激，敏感的肉环紧紧箍住龟头，每次轻微的抽动都让她感到一阵阵酥麻从下体直冲大脑。
1007,action_part_penis_in_body_6_C,0,dr_womb_position_insert,{TargetName}能清晰感受到{penis_s}在挤压她的子宫口，那种被强行撑开的微妙疼痛夹杂着强烈快感，让她忍不住流出淫水，小腹紧绷发抖。
1008,action_part_penis_in_body_6_C,0,dr_womb_position_insert,{TargetName}的子宫颈被{penis_s}撑开，陌生而强烈的刺激让她全身发软，每次顶弄都让她感到一种既想逃离又渴望更深入的矛盾欲望。
1009,action_part_penis_in_body_6_C,0,dr_womb_position_insert,子宫口被{penis_s}摩擦的感觉让{TargetName}欲罢不能，宫颈肌肉不自觉地收缩着，仿佛在吸吮舔舐着入侵者，带来前所未有的深层快感。
1010,action_part_penis_in_body_6_C,0,dr_womb_position_insert,{TargetName}的子宫颈被{penis_s}顶开的感觉如此鲜明，那种半开半闭的状态让她的私处不断痉挛，分泌出更多淫液，贪婪地渴望更深的侵入。
1011,action_part_penis_in_body_6_C,0,dr_womb_position_insert,每当{penis_s}撞击子宫口时，{TargetName}都会感到一阵令人窒息的快感，那个从未被触碰过的敏感区域被刺激得不断收缩，让她浑身颤抖不止。
1012,action_part_penis_in_body_6_C,0,dr_womb_position_insert,{TargetName}的子宫口被{penis_s}不断亲吻，那种被撬开秘密入口的羞耻感与快感让她的呼吸变得急促，下体淫水泛滥，无法控制地扭动着腰肢。
1013,action_part_penis_in_body_6_C,0,dr_womb_position_insert,{penis_s}在子宫口的摩擦让{TargetName}感到一阵阵酥麻，宫颈的神经末梢被刺激得发狂，让她不受控制地挺起腰肢，渴望更深的侵犯。
1014,action_part_penis_in_body_6_C,0,dr_womb_position_insert,{TargetName}的子宫口被{penis_s}反复顶弄，那种半开半闭的刺激让她淫水直流，宫颈的每一次收缩都带来一波强过一波的快感浪潮。
1015,action_part_penis_in_body_6_C,0,dr_womb_position_insert,子宫颈被{penis_s}撑开的感觉让{TargetName}头晕目眩，她能感受到自己最隐秘的入口正在被一点点征服，这种认知让她的下体不断痉挛。
1016,action_part_penis_in_body_6_C,0,dr_womb_position_insert,{TargetName}的子宫口紧紧吸附着{penis_s}，每次抽动都让她全身战栗，那种被顶在生殖腔入口的感觉让她既害怕又渴望，脑海里只剩下淫乱的念头。
1017,action_part_penis_in_body_6_C,0,dr_womb_position_insert,当{penis_s}微微挤入子宫颈时，{TargetName}感到一阵电流般的快感贯穿全身，那种从未体验过的刺激让她的大腿内侧不断抽搐，淫水止不住地流出。
1018,action_part_penis_in_body_6_C,0,dr_womb_position_insert,{TargetName}的子宫口被{penis_s}撑开的感觉让她发出淫荡的尖叫，宫颈的每一次收缩都像是在主动吞吐着入侵者，带来无法言喻的快感。
1019,action_part_penis_in_body_6_C,0,dr_womb_position_insert,{penis_s}顶在子宫口的感觉让{TargetName}神魂颠倒，那种被侵犯最后防线的快感让她的脚趾蜷曲，身体深处传来一阵阵酥麻的浪潮。
1020,action_part_penis_in_body_6_C,0,dr_womb_position_insert,{TargetName}能感受到{penis_s}正在撬开她的子宫口，那种前所未有的侵入感让她又痛又爽，宫颈紧张地收缩着，每次摩擦都让她呻吟不止。
1021,action_part_penis_in_body_6_C,0,dr_womb_position_insert,子宫颈被{penis_s}顶开的感觉让{TargetName}浑身发抖，那种被撑开的微妙痛感与强烈快感交织，让她忍不住发出淫荡的哭喊声。
1022,action_part_penis_in_body_6_C,0,dr_womb_position_insert,{TargetName}的子宫口被{penis_s}摩擦得不断收缩，这种从未体验过的刺激让她双眼迷离，小腹一阵阵抽搐，淫水从交合处不断溢出。
1023,action_part_penis_in_body_6_C,0,dr_womb_position_insert,每次{penis_s}顶弄子宫口时，{TargetName}都会感到一阵令人窒息的快感袭来，宫颈的神经被刺激得不断发出信号，让她无法控制地扭动腰肢。
1024,action_part_penis_in_body_6_C,0,dr_womb_position_insert,{TargetName}的子宫颈被{penis_s}撑开的感觉又酸又爽，那种被侵犯最隐秘部位的羞耻感与快感让她忍不住收紧双腿，却让刺激变得更加强烈。
1025,action_part_penis_in_body_6_C,0,dr_womb_position_insert,{penis_s}在子宫口的磨蹭让{TargetName}发出淫荡的喘息，宫颈被顶开的微妙感觉让她小腹紧绷，子宫不自觉地做出吸吮的反应。
1026,action_part_penis_in_body_6_C,0,dr_womb_position_insert,{TargetName}的子宫口被{penis_s}不断亲吻，每次接触都让她感到一阵眩晕的快感，那种被征服最后一道防线的刺激让她的下体痉挛不止。
1027,action_part_penis_in_body_6_C,0,dr_womb_position_insert,子宫颈被{penis_s}撑开的感觉让{TargetName}全身发软，那种既疼痛又舒爽的奇妙感觉让她神志模糊，只能不断扭动身体迎合着每次顶弄。
1028,action_part_penis_in_body_6_C,0,dr_womb_position_insert,{TargetName}能感受到{penis_s}在她子宫口的每一次摩擦，宫颈敏感的神经被刺激得发疯，让她不由自主地挺起腰肢，渴望更深的侵入。
1029,action_part_penis_in_body_6_C,0,dr_womb_position_insert,{penis_s}在子宫口的顶弄让{TargetName}欲罢不能，那种被撬开最后一道门的感觉让她既害怕又期待，子宫不断收缩着渴望被完全侵占。
1030,action_part_penis_in_body_6_C,0,dr_womb_position_insert,{TargetName}的子宫口被{penis_s}一次次顶开，那种陌生而强烈的刺激让她发出难以抑制的浪叫，小腹不断痉挛，淫水顺着大腿内侧流下。
1031,action_part_penis_in_body_6_C,0,dr_womb_position_insert,每次{penis_s}撞击子宫口，{TargetName}都感到一阵电流般的快感从下体直冲大脑，宫颈的肌肉不自觉地收缩，像是在吮吸着龟头。
1032,action_part_penis_in_body_6_C,0,dr_womb_position_insert,{TargetName}的子宫颈被{penis_s}微微撑开，那种被侵入禁区的羞耻感与快感让她双腿不断颤抖，无法抑制地发出淫荡的呻吟。
1033,action_part_penis_in_body_6_C,0,dr_womb_position_insert,子宫口被{penis_s}顶开的感觉让{TargetName}头皮发麻，那种前所未有的刺激让她的下体不断涌出淫水，子宫颈紧紧咬住龟头不放。
1034,action_part_penis_in_body_6_C,0,dr_womb_position_insert,{TargetName}感受着{penis_s}在宫口处的每一次摩擦，那种又痛又爽的奇妙感觉让她的腰不受控制地扭动，渴望更深的侵入与占有。
1035,action_part_penis_in_body_6_C,0,dr_womb_position_insert,{penis_s}撬开子宫颈的感觉让{TargetName}浑身颤抖，那种被顶在最深处的刺激让她的子宫不断收缩，渴望着更彻底的占有与征服。
1036,action_part_penis_in_body_6_C,0,dr_womb_position_insert,{TargetName}的子宫口被{penis_s}反复摩擦，敏感的宫颈被刺激得不断痉挛，每一次接触都让她全身发软，淫水止不住地往外流。
1037,action_part_penis_in_body_6_C,0,dr_womb_position_insert,子宫口处的摩擦让{TargetName}感到无比的刺激，{penis_s}每次顶弄都让她发出难以抑制的呻吟，那种被撬开秘密入口的感觉让她欲罢不能。
1038,action_part_penis_in_body_6_C,0,dr_womb_position_insert,{TargetName}的子宫颈被{penis_s}不断亲吻，那种半开半闭的刺激让她的腰肢不受控制地扭动，子宫本能地蠕动着想要吞入更多。
1039,action_part_penis_in_body_6_C,0,dr_womb_position_insert,{penis_s}在子宫口的摩擦让{TargetName}浑身酥麻，那种被顶在最深处的快感让她的大脑一片空白，只能发出淫荡的喘息声。

1040,action_part_penis_in_body_6_C,0,dr_womb_position_sex,{TargetName}的{womb_s}被{penis_s}完全撑开，每次抽动都让她感到灭顶的快感，子宫内壁的每一寸褶皱都被摩擦得发烫，让她发出淫荡的尖叫。
1041,action_part_penis_in_body_6_C,0,dr_womb_position_sex,{penis_s}在{TargetName}的{womb_s}内肆意搅动，引发一阵阵痉挛般的快感，子宫壁被撑到极限的感觉让她全身战栗，无法控制地流出眼泪。
1042,action_part_penis_in_body_6_C,0,dr_womb_position_sex,{TargetName}能清晰感受到{penis_s}在她{womb_s}内的每一次跳动，那种被最隐秘之处被完全占据的感觉让她双眼翻白，淫水从交合处喷涌而出。
1043,action_part_penis_in_body_6_C,0,dr_womb_position_sex,{womb_s}被{penis_s}填满的感觉让{TargetName}欲仙欲死，每次抽插都让她的小腹明显凸起，那种被深度侵犯的羞耻感与快感让她浪叫不止。
1044,action_part_penis_in_body_6_C,0,dr_womb_position_sex,{TargetName}的{womb_s}紧紧包裹着{penis_s}，每次抽动都引发子宫壁的强烈收缩，那种从未体验过的深度快感让她的大腿内侧不断抽搐。
1045,action_part_penis_in_body_6_C,0,dr_womb_position_sex,{penis_s}在{womb_s}内的旋转让{TargetName}感到一阵阵眩晕的快感，子宫被完全撑开的胀痛感与极致的快感交织，让她无法抑制地发出淫叫。
1046,action_part_penis_in_body_6_C,0,dr_womb_position_sex,{TargetName}的{womb_s}被{penis_s}撑得满满当当，每次抽插都让她小腹凸起，那种被彻底占有的感觉让她的子宫本能地蠕动着，想要榨取精液。
1047,action_part_penis_in_body_6_C,0,dr_womb_position_sex,{womb_s}被{penis_s}撑开的感觉让{TargetName}神志不清，子宫壁的每一次收缩都带来灭顶的快感，让她全身痉挛，淫水止不住地往外流。
1048,action_part_penis_in_body_6_C,0,dr_womb_position_sex,{TargetName}能感受到{penis_s}在她{womb_s}内的每一寸跳动，那种被最深处完全填满的感觉让她浑身发抖，忍不住发出淫荡的求饶声。
1049,action_part_penis_in_body_6_C,0,dr_womb_position_sex,{penis_s}在{womb_s}内的冲击让{TargetName}不断高潮，子宫壁被摩擦得敏感异常，每一次触碰都能引发全身性的快感浪潮，让她欲罢不能。
1050,action_part_penis_in_body_6_C,0,dr_womb_position_sex,{TargetName}的{womb_s}被{penis_s}不断撞击，那种被侵入最深处的感觉让她的身体不受控制地痉挛，子宫像是有自我意识般贪婪地吮吸着入侵者。
1051,action_part_penis_in_body_6_C,0,dr_womb_position_sex,{womb_s}被{penis_s}完全占据的感觉让{TargetName}全身发软，子宫的每一寸内壁都被摩擦得发烫，那种灭顶的快感让她只能不断扭动腰肢迎合。
1052,action_part_penis_in_body_6_C,0,dr_womb_position_sex,{TargetName}的{womb_s}随着{penis_s}的抽插不断收缩痉挛，每一次深入都让她感到一阵令人窒息的快感，让她的理智逐渐被情欲吞噬。
1053,action_part_penis_in_body_6_C,0,dr_womb_position_sex,{penis_s}在{womb_s}内的每一次搅动都让{TargetName}发出淫荡的哭叫，那种被最深处完全玩弄的感觉让她不断高潮，淫水喷涌而出。
1054,action_part_penis_in_body_6_C,0,dr_womb_position_sex,{TargetName}的{womb_s}被{penis_s}撑开的感觉让她头皮发麻，子宫壁敏感的神经被刺激得不断发送快感信号，让她的小腹不停地抽搐。
1055,action_part_penis_in_body_6_C,0,dr_womb_position_sex,{womb_s}被{penis_s}填满的感觉让{TargetName}欲罢不能，子宫深处被撞击的快感让她的身体不受控制地颤抖，只能发出断断续续的淫叫。
1056,action_part_penis_in_body_6_C,0,dr_womb_position_sex,{TargetName}的{womb_s}随着{penis_s}的抽插而不断痉挛，那种从未体验过的子宫高潮让她双眼翻白，淫水从交合处溢出，沾湿了整个床单。
1057,action_part_penis_in_body_6_C,0,dr_womb_position_sex,{penis_s}在{womb_s}内的冲击让{TargetName}感到一波波灭顶的快感，子宫壁的每一次收缩都像是在挽留入侵者，贪婪地想要榨取更多。
1058,action_part_penis_in_body_6_C,0,dr_womb_position_sex,{TargetName}的{womb_s}被{penis_s}撑得变形，每次抽插都能从小腹外侧看到明显的凸起，这种被彻底征服的感觉让她呻吟不止。
1059,action_part_penis_in_body_6_C,0,dr_womb_position_sex,{womb_s}被{penis_s}填满的感觉让{TargetName}不断高潮，子宫深处的每一次撞击都引发全身性的痉挛，让她淫叫连连，无法自拔。
1060,action_part_penis_in_body_6_C,0,dr_womb_position_sex,{TargetName}能感受到{penis_s}直抵她{womb_s}的最深处，每一次抽动都让她的小腹明显隆起，那种被彻底占有的感觉让她欲仙欲死。
1061,action_part_penis_in_body_6_C,0,dr_womb_position_sex,{penis_s}在{womb_s}内的旋转搅动让{TargetName}感到前所未有的刺激，子宫壁的每一寸都被摩擦得发热，让她浑身颤抖，淫水泛滥。
1062,action_part_penis_in_body_6_C,0,dr_womb_position_sex,{TargetName}的{womb_s}被{penis_s}完全撑开，每一次抽插都让她感到一阵眩晕的快感，子宫壁不断收缩着，渴望被更加猛烈地侵犯。
1063,action_part_penis_in_body_6_C,0,dr_womb_position_sex,{womb_s}被{penis_s}直接顶撞的感觉让{TargetName}神志不清，那种从未体验过的深度刺激让她的全身肌肉紧绷，呻吟声越来越高亢。
1064,action_part_penis_in_body_6_C,0,dr_womb_position_sex,{TargetName}的{womb_s}随着{penis_s}的抽插而不断蠕动，子宫深处被撞击的快感让她不停地颤抖，发出淫荡的哭喊声，求饶却又渴望更多。
1065,action_part_penis_in_body_6_C,0,dr_womb_position_sex,{penis_s}在{womb_s}内的每一次撞击都让{TargetName}感到灭顶的快感，子宫壁被摩擦得越来越敏感，每次触碰都能引发全身性的高潮。
1066,action_part_penis_in_body_6_C,0,dr_womb_position_sex,{TargetName}的{womb_s}被{penis_s}彻底占据，那种被最隐秘之处完全填满的感觉让她浑身发抖，子宫不断收缩着，想要榨取精液。
1067,action_part_penis_in_body_6_C,0,dr_womb_position_sex,{womb_s}被{penis_s}深深插入的感觉让{TargetName}欲仙欲死，子宫壁的每一寸褶皱都被撑开，那种被彻底征服的快感让她不断潮吹。
1068,action_part_penis_in_body_6_C,0,dr_womb_position_sex,{TargetName}能清晰感受到{penis_s}在她{womb_s}内的每一次跳动，子宫被撑满的胀痛感与强烈快感交织，让她的身体不受控制地痉挛。
1069,action_part_penis_in_body_6_C,0,dr_womb_position_sex,{penis_s}在{womb_s}内的搅动让{TargetName}感到一阵阵眩晕，子宫深处被刺激的感觉让她的大腿内侧不断抽搐，淫水从交合处溢出。
1070,action_part_penis_in_body_6_C,0,dr_womb_position_sex,{TargetName}的{womb_s}被{penis_s}塞满的感觉让她头晕目眩，子宫壁的每一次收缩都能清晰感受到入侵者的形状，带来无法言喻的快感。
1071,action_part_penis_in_body_6_C,0,dr_womb_position_sex,{womb_s}被{penis_s}完全占据的感觉让{TargetName}全身发软，每次抽插都能从小腹看到明显的凸起，这种视觉冲击让她的快感更加强烈。
1072,action_part_penis_in_body_6_C,0,dr_womb_position_sex,{TargetName}的{womb_s}随着{penis_s}的抽动而痉挛不止，那种被最深处彻底侵犯的感觉让她不断高潮，淫水喷涌而出，沾湿了身下的床单。
1073,action_part_penis_in_body_6_C,0,dr_womb_position_sex,{penis_s}在{womb_s}内的每一次撞击都让{TargetName}发出淫荡的尖叫，子宫壁敏感的神经被刺激得不断发送快感信号，让她欲仙欲死。
1074,action_part_penis_in_body_6_C,0,dr_womb_position_sex,{TargetName}的{womb_s}被{penis_s}撑得满满当当，子宫壁被摩擦的感觉让她的身体不受控制地抽搐，只能发出断断续续的浪叫声。
1075,action_part_penis_in_body_6_C,0,dr_womb_position_sex,{womb_s}被{penis_s}深深侵入的感觉让{TargetName}神志不清，子宫壁的每一次收缩都带来一波强过一波的快感浪潮，让她无法自拔。
1076,action_part_penis_in_body_6_C,0,dr_womb_position_sex,{TargetName}能感受到{penis_s}在她{womb_s}内的每一寸存在，那种被最隐秘之处完全占据的感觉让她的子宫不断痉挛，贪婪地吮吸着。
1077,action_part_penis_in_body_6_C,0,dr_womb_position_sex,{penis_s}在{womb_s}内的研磨让{TargetName}感到前所未有的刺激，子宫壁被摩擦得越来越敏感，每次触碰都引发全身性的高潮反应。
1078,action_part_penis_in_body_6_C,0,dr_womb_position_sex,{TargetName}的{womb_s}随着{penis_s}的抽插而不断收缩，那种被彻底征服的感觉让她浑身发抖，淫水从交合处不断溢出，打湿了身下的床单。
1079,action_part_penis_in_body_6_C,0,dr_womb_position_sex,{womb_s}被{penis_s}塞满的感觉让{TargetName}欲罢不能，子宫深处的每一次撞击都让她感到一阵令人窒息的快感，让她淫叫连连。

1080,action_part_penis_in_body_6_C,0,dr_womb_position_insert,{TargetName}的子宫口被{penis_s}反复戳刺，酸麻的快感如电流般窜过全身，让她控制不住地抽搐颤抖，小腹深处传来一阵阵致命的刺激。
1081,action_part_penis_in_body_6_C,0,dr_womb_position_insert,每次{penis_s}顶开子宫口时，{TargetName}都感到一阵强烈的酥麻，仿佛身体最隐秘的地方被强行撬开，又疼又爽的感觉让她浑身战栗。
1082,action_part_penis_in_body_6_C,0,dr_womb_position_insert,{TargetName}的子宫入口被{penis_s}撑开，敏感的子宫颈不断被摩擦着，她呜咽着弓起身子，无法承受这种直击灵魂的快感。
1083,action_part_penis_in_body_6_C,0,dr_womb_position_insert,子宫颈被{penis_s}一次次撞击着，{TargetName}感到自己最私密的地方正在被侵犯，这种禁忌的快感让她不知羞耻地扭动着腰肢。
1084,action_part_penis_in_body_6_C,0,dr_womb_position_insert,{TargetName}子宫口的嫩肉紧紧咬住{penis_s}的前端，每次摩擦都带来一阵令人发狂的酸胀感，她的大脑一片空白，只剩下原始的欲望。
1085,action_part_penis_in_body_6_C,0,dr_womb_position_insert,{TargetName}的子宫口痉挛般地收缩着，被{penis_s}顶弄的感觉让她全身发热，一波波快感从下体冲向四肢百骸。
1086,action_part_penis_in_body_6_C,0,dr_womb_position_insert,{penis_s}不断摩擦着{TargetName}敏感的子宫口，过于强烈的刺激让她双眼失焦，口中不断溢出淫靡的呻吟声。
1087,action_part_penis_in_body_6_C,0,dr_womb_position_insert,每当{penis_s}顶到子宫口时，{TargetName}都会感到一股触电般的快感，她的小腹不受控制地抽搐着，淫水从交合处不断溢出。
1088,action_part_penis_in_body_6_C,0,dr_womb_position_insert,{TargetName}的子宫颈被{penis_s}反复磨蹭，从未体验过的快感冲击着她的理智，她哭叫着摇头，却又不自觉地挺起腰迎合着。
1089,action_part_penis_in_body_6_C,0,dr_womb_position_insert,子宫颈被{penis_s}一次次顶开的感觉让{TargetName}欲仙欲死，她能感觉到自己的子宫口饥渴地一张一合，渴望更深的侵犯。
1090,action_part_penis_in_body_6_C,0,dr_womb_position_insert,{TargetName}的子宫口被{penis_s}浅浅戳刺，酥麻难耐的感觉让她全身颤抖，双腿绷紧，无法控制地想要更多。
1091,action_part_penis_in_body_6_C,0,dr_womb_position_insert,{penis_s}在子宫口附近摩擦的感觉让{TargetName}欲罢不能，她能感受到那里的每一寸褶皱都被撑开，带来极致的快感。
1092,action_part_penis_in_body_6_C,0,dr_womb_position_insert,每次{penis_s}撞击子宫口的瞬间，{TargetName}都会发出尖锐的呻吟，那种被顶到最深处的感觉让她大脑一片空白。
1093,action_part_penis_in_body_6_C,0,dr_womb_position_insert,{TargetName}的子宫颈被{penis_s}撑开又收缩，这种前所未有的刺激让她淫叫连连，身体不受控制地痉挛着。
1094,action_part_penis_in_body_6_C,0,dr_womb_position_insert,{penis_s}不断戳弄着{TargetName}敏感的子宫口，每一下都让她感到既痛苦又舒爽，身体深处涌起一波波无法抵抗的快感。
1095,action_part_penis_in_body_6_C,0,dr_womb_position_insert,{TargetName}从未想过子宫口会这么敏感，被{penis_s}一碰就让她浑身发软，只能发出断断续续的浪叫声。
1096,action_part_penis_in_body_6_C,0,dr_womb_position_insert,子宫颈被{penis_s}摩擦的感觉让{TargetName}欲火焚身，她能感觉到自己的爱液不受控制地涌出，为更深的侵入做着准备。
1097,action_part_penis_in_body_6_C,0,dr_womb_position_insert,{TargetName}的子宫口随着{penis_s}的撞击一张一合，每一次触碰都让她全身发麻，几乎要昏厥过去。
1098,action_part_penis_in_body_6_C,0,dr_womb_position_insert,{penis_s}顶在子宫口的感觉让{TargetName}双眼翻白，她的子宫不断收缩着，渴望着被更深入地侵犯和填满。
1099,action_part_penis_in_body_6_C,0,dr_womb_position_insert,{TargetName}的子宫颈被{penis_s}撑开的刺激让她呻吟不断，腰肢不自觉地扭动着，渴求更猛烈的冲击。
1100,action_part_penis_in_body_6_C,0,dr_womb_position_insert,每当{penis_s}顶到子宫口，{TargetName}就感到一阵电击般的快感，让她浑身颤栗，忍不住夹紧双腿。
1101,action_part_penis_in_body_6_C,0,dr_womb_position_insert,{TargetName}的子宫口被{penis_s}一次次刺激，快感如潮水般涌来，她不受控制地浪叫着，身体绷紧到极限。
1102,action_part_penis_in_body_6_C,0,dr_womb_position_insert,子宫口被{penis_s}撑开的感觉让{TargetName}既害怕又兴奋，她能感觉到自己最脆弱的地方正在被一次次侵犯。
1103,action_part_penis_in_body_6_C,0,dr_womb_position_insert,{penis_s}反复摩擦子宫颈的感觉让{TargetName}欲仙欲死，她的小腹不受控制地抽搐着，爱液不断流出。
1104,action_part_penis_in_body_6_C,0,dr_womb_position_insert,{TargetName}的子宫口被{penis_s}轻轻顶弄，这种隔靴搔痒的感觉让她难耐地扭动身体，渴望更深入的侵犯。
1105,action_part_penis_in_body_6_C,0,dr_womb_position_insert,每次{penis_s}顶开子宫颈时，{TargetName}都感到一阵强烈的刺激，让她忍不住绷紧脚尖，发出甜腻的呻吟。
1106,action_part_penis_in_body_6_C,0,dr_womb_position_insert,{TargetName}的子宫口被{penis_s}不断戳刺，她感到自己的身体不再属于自己，只能随着快感的节奏痉挛颤抖。
1107,action_part_penis_in_body_6_C,0,dr_womb_position_insert,{penis_s}在子宫口的摩擦让{TargetName}感到既疼痛又舒爽，这种矛盾的感觉让她的理智彻底崩溃。
1108,action_part_penis_in_body_6_C,0,dr_womb_position_insert,{TargetName}从未想过子宫口会这么敏感，每次被{penis_s}戳刺都让她浑身发抖，说不出话来。
1109,action_part_penis_in_body_6_C,0,dr_womb_position_insert,子宫颈被{penis_s}摩擦的快感让{TargetName}忘记了羞耻，她扭动着腰肢，主动迎合着每一次的撞击。
1110,action_part_penis_in_body_6_C,0,dr_womb_position_insert,{TargetName}能感觉到自己的子宫口随着{penis_s}的戳弄不断收缩，那种被玩弄最隐秘部位的羞耻感让她更加兴奋。
1111,action_part_penis_in_body_6_C,0,dr_womb_position_insert,每次{penis_s}顶到子宫口，{TargetName}都感觉自己要融化了，全身的神经都集中在那一点上，快感如电流般扩散。
1112,action_part_penis_in_body_6_C,0,dr_womb_position_insert,{TargetName}的子宫颈被{penis_s}反复刺激，她的双腿不受控制地抽搐着，身体深处传来一阵阵致命的快感。
1113,action_part_penis_in_body_6_C,0,dr_womb_position_insert,{penis_s}不断撞击着子宫口的感觉让{TargetName}欲火焚身，她感到自己的理智在一点点崩溃，只剩下最原始的欲望。
1114,action_part_penis_in_body_6_C,0,dr_womb_position_insert,{TargetName}的子宫入口被{penis_s}顶弄得发烫发麻，她的身体已经不受自己控制，只能随着快感的节奏起伏。
1115,action_part_penis_in_body_6_C,0,dr_womb_position_insert,子宫口被{penis_s}摩擦的感觉让{TargetName}浑身酥软，她的眼神迷离，嘴里不断发出淫荡的呻吟声。
1116,action_part_penis_in_body_6_C,0,dr_womb_position_insert,{TargetName}从未体验过如此强烈的快感，{penis_s}每次撞击子宫口都让她感到灵魂出窍般的刺激。
1117,action_part_penis_in_body_6_C,0,dr_womb_position_insert,{penis_s}在子宫颈的磨蹭让{TargetName}全身颤抖，她能感觉到自己的爱液已经把床单浸湿了一大片。
1118,action_part_penis_in_body_6_C,0,dr_womb_position_insert,子宫口被{penis_s}撑开的刺激让{TargetName}无法思考，她只能大口喘息着，承受着一波又一波的快感。
1119,action_part_penis_in_body_6_C,0,dr_womb_position_insert,{TargetName}的子宫颈被{penis_s}不断摩擦，她感到自己的灵魂都被撞散了，只剩下无尽的快感和欲望。

1120,action_part_penis_in_body_6_C,0,dr_womb_position_sex,{TargetName}的{womb_s}被{penis_s}完全填满，每一次抽插都让她感到灵魂被贯穿，子宫内壁敏感的神经被疯狂刺激，让她发出近乎崩溃的淫叫。
1121,action_part_penis_in_body_6_C,0,dr_womb_position_sex,{womb_s}深处传来的快感让{TargetName}连连痉挛，身体深处被{penis_s}直接摩擦的感觉让她头皮发麻，小腹不受控制地抽搐着。
1122,action_part_penis_in_body_6_C,0,dr_womb_position_sex,{TargetName}能清晰地感觉到{penis_s}在她子宫内的形状和搏动，那种被最深处占据的满足感让她双眼翻白，无法抑制地浪叫。
1123,action_part_penis_in_body_6_C,0,dr_womb_position_sex,{womb_s}被{penis_s}撑满的感觉让{TargetName}疯狂颤抖，子宫内每一寸敏感的嫩肉都被摩擦，让她陷入无尽的高潮中。
1124,action_part_penis_in_body_6_C,0,dr_womb_position_sex,{penis_s}在{womb_s}内的冲撞让{TargetName}全身战栗，她能感觉到自己的子宫在不受控制地收缩，紧紧吸附着入侵者。
1125,action_part_penis_in_body_6_C,0,dr_womb_position_sex,{TargetName}感到{womb_s}深处被{penis_s}顶弄的每一下都让她崩溃，这种前所未有的刺激让她的理智完全瓦解，只能发出淫荡的呻吟。
1126,action_part_penis_in_body_6_C,0,dr_womb_position_sex,{penis_s}在{womb_s}内旋转搅动的感觉让{TargetName}欲仙欲死，她的小腹随着抽插的节奏不断凸起，显示出其形状。
1127,action_part_penis_in_body_6_C,0,dr_womb_position_sex,{TargetName}的{womb_s}被{penis_s}完全操控，子宫内壁的每一次摩擦都让她失控地扭动着身体，发出断断续续的淫叫。
1128,action_part_penis_in_body_6_C,0,dr_womb_position_sex,{womb_s}内直接被{penis_s}摩擦的感觉让{TargetName}无法承受，她的大腿内侧不断抽搐，爱液从交合处喷涌而出。
1129,action_part_penis_in_body_6_C,0,dr_womb_position_sex,{TargetName}的{womb_s}被{penis_s}填满后不断分泌出爱液，子宫内壁敏感的嫩肉紧紧包裹着入侵物，随着抽插不断痉挛。
1130,action_part_penis_in_body_6_C,0,dr_womb_position_sex,{penis_s}在{TargetName}的子宫内快速抽插，直接摩擦敏感脆弱的内壁，让她发出破碎的呻吟，眼神完全失焦。
1131,action_part_penis_in_body_6_C,0,dr_womb_position_sex,{TargetName}的{womb_s}被{penis_s}撑满的感觉让她全身酥麻，子宫壁上每一个神经末梢都被刺激，带来灭顶的快感。
1132,action_part_penis_in_body_6_C,0,dr_womb_position_sex,{womb_s}内部被{penis_s}直接侵犯的感觉让{TargetName}哭泣着扭动身体，子宫深处的剧烈快感几乎让她昏厥。
1133,action_part_penis_in_body_6_C,0,dr_womb_position_sex,{TargetName}感觉自己的{womb_s}被{penis_s}完全征服，每一次抽插都让她灵魂出窍，只能无意识地抽搐呻吟。
1134,action_part_penis_in_body_6_C,0,dr_womb_position_sex,{penis_s}在{womb_s}内的捣弄让{TargetName}快感如潮，她的子宫不断痉挛收缩，贪婪地吮吸着入侵的肉棒。
1135,action_part_penis_in_body_6_C,0,dr_womb_position_sex,{TargetName}的子宫深处被{penis_s}不断撞击，那种直接刺激让她浑身颤抖，发出断断续续的尖叫声。
1136,action_part_penis_in_body_6_C,0,dr_womb_position_sex,{womb_s}被{penis_s}塞满的感觉让{TargetName}无法思考，她能清晰感受到子宫内壁被撑开摩擦的每一丝快感。
1137,action_part_penis_in_body_6_C,0,dr_womb_position_sex,{penis_s}在{TargetName}的子宫内肆意抽插，每一次动作都让她的小腹明显凸起，带来令人崩溃的刺激。
1138,action_part_penis_in_body_6_C,0,dr_womb_position_sex,{TargetName}的{womb_s}被{penis_s}研磨着最敏感的部位，这种从未体验过的快感让她浑身发软，只能发出近乎求饶的呻吟。
1139,action_part_penis_in_body_6_C,0,dr_womb_position_sex,{womb_s}内壁被{penis_s}摩擦的快感让{TargetName}全身痉挛，她的子宫不受控制地收缩，渴望被更深地侵犯。
1140,action_part_penis_in_body_6_C,0,dr_womb_position_sex,{TargetName}感到{penis_s}在她子宫内的每一次搅动都让她濒临崩溃，从内部被完全占有的感觉让她欲罢不能。
1141,action_part_penis_in_body_6_C,0,dr_womb_position_sex,{penis_s}撑开{womb_s}内壁的感觉让{TargetName}发狂，她的小腹随着抽插的节奏不断起伏，身体深处传来一波波快感。
1142,action_part_penis_in_body_6_C,0,dr_womb_position_sex,{TargetName}的{womb_s}完全适应了{penis_s}的形状，随着每一次抽插，她都能感受到灵魂深处被侵犯的快感。
1143,action_part_penis_in_body_6_C,0,dr_womb_position_sex,{womb_s}内部被{penis_s}撞击的感觉让{TargetName}浑身酥麻，子宫深处不断涌出爱液，随着抽插发出淫靡的水声。
1144,action_part_penis_in_body_6_C,0,dr_womb_position_sex,{TargetName}感觉自己的{womb_s}正在被{penis_s}一寸寸征服，从最隐秘处扩散出的快感让她的大腿根部不断抽搐。
1145,action_part_penis_in_body_6_C,0,dr_womb_position_sex,{penis_s}在{womb_s}内的冲撞让{TargetName}崩溃地哭喊，她能感受到子宫被撑开的每一丝细节，带来灭顶的快感。
1146,action_part_penis_in_body_6_C,0,dr_womb_position_sex,{TargetName}的{womb_s}被{penis_s}深深侵犯，子宫壁上每一处敏感点都被照顾到，让她发出淫荡的尖叫声。
1147,action_part_penis_in_body_6_C,0,dr_womb_position_sex,{womb_s}内被{penis_s}搅弄的感觉让{TargetName}欲仙欲死，子宫内壁敏感的神经末梢被完全刺激，让她陷入连续高潮。
1148,action_part_penis_in_body_6_C,0,dr_womb_position_sex,{penis_s}填满{TargetName}的{womb_s}后缓慢旋转，这种研磨般的刺激让她浑身发麻，忍不住扭动腰肢迎合。
1149,action_part_penis_in_body_6_C,0,dr_womb_position_sex,{TargetName}感觉自己的{womb_s}已完全臣服于{penis_s}，子宫内壁被撑开摩擦的快感让她无法控制地流下欢愉的泪水。
1150,action_part_penis_in_body_6_C,0,dr_womb_position_sex,{womb_s}深处被{penis_s}顶撞的感觉让{TargetName}几乎窒息，每一次抽插都带来一波又一波的强烈快感。
1151,action_part_penis_in_body_6_C,0,dr_womb_position_sex,{TargetName}的{womb_s}被{penis_s}完全撑开，子宫内壁的每一寸褶皱都被摩擦，快感如电流般席卷全身。
1152,action_part_penis_in_body_6_C,0,dr_womb_position_sex,{penis_s}在{womb_s}内的每一次动作都让{TargetName}感到灵魂出窍，她的子宫不断收缩，贪婪地吮吸着入侵者。
1153,action_part_penis_in_body_6_C,0,dr_womb_position_sex,{TargetName}的子宫内壁被{penis_s}摩擦的感觉让她尖叫连连，身体不受控制地弓起，陷入持续的痉挛中。
1154,action_part_penis_in_body_6_C,0,dr_womb_position_sex,{womb_s}被{penis_s}塞满的感觉让{TargetName}浑身发热，子宫最深处的敏感点被反复刺激，让她失去了理智。
1155,action_part_penis_in_body_6_C,0,dr_womb_position_sex,{TargetName}能感觉到{penis_s}在她的子宫内肆意妄为，每一次抽插都让她的小腹随之起伏，快感如潮水般涌来。
1156,action_part_penis_in_body_6_C,0,dr_womb_position_sex,{penis_s}在{womb_s}内的抽动让{TargetName}浑身酥软，子宫被完全占据的感觉让她的大脑一片空白，只剩下快感。
1157,action_part_penis_in_body_6_C,0,dr_womb_position_sex,{TargetName}的子宫被{penis_s}深深侵入，她感觉自己的身体最深处被完全征服，只能发出近乎崩溃的淫叫。
1158,action_part_penis_in_body_6_C,0,dr_womb_position_sex,{womb_s}内壁被{penis_s}摩擦的感觉让{TargetName}全身战栗，子宫最敏感的部位被不断刺激，让她陷入狂乱的高潮。
1159,action_part_penis_in_body_6_C,0,dr_womb_position_sex,{penis_s}在{TargetName}的子宫内旋转搅动，这种从未体验过的刺激让她的眼神涣散，身体不停地痉挛抽搐。

1160,action_part_penis_in_body_6_C,0,dr_womb_position_insert,{TargetName}的子宫口被{penis_s}反复顶弄，每次刺激都让她全身痉挛，酸麻的快感从小腹深处一波波扩散开来。
1161,action_part_penis_in_body_6_C,0,dr_womb_position_insert,{TargetName}感到{penis_s}正在撞击她的宫口，那种被撑开的酸胀感让她双腿不自觉地紧绷，小腹内部一阵阵抽搐。
1162,action_part_penis_in_body_6_C,0,dr_womb_position_insert,每当{penis_s}嵌入宫口时，{TargetName}都会发出无法抑制的呜咽，那种被顶到最深处的刺激让她的理智几乎崩溃。
1163,action_part_penis_in_body_6_C,0,dr_womb_position_insert,{TargetName}的子宫口被{penis_s}反复摩擦，那种陌生的刺激使她大脑一片空白，只能本能地扭动腰肢迎合着入侵。
1164,action_part_penis_in_body_6_C,0,dr_womb_position_insert,{TargetName}子宫口的神经被{penis_s}不断刺激，激烈的快感让她的内壁不断收缩，分泌出更多淫液。
1165,action_part_penis_in_body_6_C,0,dr_womb_position_insert,{penis_s}每次顶开宫口的刺激都让{TargetName}颤抖不已，她甚至能感觉到自己的子宫在不受控制地收缩着，渴望更多。
1166,action_part_penis_in_body_6_C,0,dr_womb_position_insert,{TargetName}的子宫口被{penis_s}撑开的感觉让她头皮发麻，那种微妙的疼痛混合着强烈的快感令她发出淫荡的呻吟。
1167,action_part_penis_in_body_6_C,0,dr_womb_position_insert,{TargetName}感到自己最隐秘的入口正被{penis_s}一次次顶开，那种被侵犯到极限的羞耻与快感让她无法控制地流出了眼泪。
1168,action_part_penis_in_body_6_C,0,dr_womb_position_insert,{TargetName}的宫口传来一阵阵酥麻，{penis_s}每次的顶撞都让她浑身发软，小腹深处涌起一股难以言喻的空虚感。
1169,action_part_penis_in_body_6_C,0,dr_womb_position_insert,{penis_s}对子宫口的反复刺激让{TargetName}不断战栗，她能感到自己的宫口像小嘴一样紧紧吮吸着入侵者的前端。
1170,action_part_penis_in_body_6_C,0,dr_womb_position_insert,{TargetName}的子宫口被{penis_s}一次次顶开时，她的身体会本能地弹跳，那种直击灵魂的快感让她几乎无法呼吸。
1171,action_part_penis_in_body_6_C,0,dr_womb_position_insert,每当{penis_s}戳刺宫口时，{TargetName}都会发出尖锐的呻吟，她的子宫口像是有自主意识般地收缩着，贪婪地想吞下更多。
1172,action_part_penis_in_body_6_C,0,dr_womb_position_insert,{TargetName}的宫口处传来强烈的刺激感，{penis_s}每次的摩擦都让她小腹深处产生一种奇异的酸软感，令她欲罢不能。
1173,action_part_penis_in_body_6_C,0,dr_womb_position_insert,{penis_s}顶弄宫口的感觉让{TargetName}全身酥软，她能感到自己的子宫正在饥渴地翕动，渴望被更彻底地占有。
1174,action_part_penis_in_body_6_C,0,dr_womb_position_insert,{TargetName}的子宫口被{penis_s}不断顶撞着，那种又酸又麻的感觉沿着脊椎直冲大脑，让她不自觉地发出淫荡的哭叫。
1175,action_part_penis_in_body_6_C,0,dr_womb_position_insert,{penis_s}对宫口的撞击让{TargetName}感到一种从未有过的刺激，她的子宫仿佛有意识地颤抖着，迎合着这种侵犯。
1176,action_part_penis_in_body_6_C,0,dr_womb_position_insert,{TargetName}的宫口被{penis_s}反复摩擦，她忍不住挺起腰肢迎合，想让那刺激的快感更加强烈地席卷全身。
1177,action_part_penis_in_body_6_C,0,dr_womb_position_insert,{penis_s}在宫口处的摩擦让{TargetName}的下腹传来阵阵酸痛，这种痛楚却带着无比的快感，让她欲仙欲死。
1178,action_part_penis_in_body_6_C,0,dr_womb_position_insert,{TargetName}感觉自己的子宫口被{penis_s}顶得发麻，那种被撑开的胀痛感中混杂着强烈的快感，让她忍不住呻吟不断。
1179,action_part_penis_in_body_6_C,0,dr_womb_position_insert,{penis_s}每次轻轻顶开宫口时，{TargetName}都会感到一股电流般的快感窜过全身，让她的小腹不住痉挛。
1180,action_part_penis_in_body_6_C,0,dr_womb_position_insert,{TargetName}的子宫口被{penis_s}反复蹂躏，那种又痛又爽的感觉让她的大腿内侧不断颤抖，淫水止不住地往下流。
1181,action_part_penis_in_body_6_C,0,dr_womb_position_insert,{penis_s}撞击宫口的感觉让{TargetName}感到既害怕又期待，她的子宫仿佛在颤抖着等待被更深入地占有。
1182,action_part_penis_in_body_6_C,0,dr_womb_position_insert,{TargetName}的宫口被{penis_s}一次次顶开，那种被侵入最深处的感觉让她羞耻万分，却又忍不住沉溺其中。
1183,action_part_penis_in_body_6_C,0,dr_womb_position_insert,每当{penis_s}撞击宫口时，{TargetName}都会感到一阵失禁般的快感，她的子宫仿佛在期待着更加彻底的侵犯。
1184,action_part_penis_in_body_6_C,0,dr_womb_position_insert,{TargetName}感受着{penis_s}在宫口处的摩擦，那种被顶到极限的刺激让她浑身战栗，忍不住哀求更多。
1185,action_part_penis_in_body_6_C,0,dr_womb_position_insert,{penis_s}摩擦子宫口的刺激让{TargetName}的腰部不自觉地抬高，身体本能地追求着更加猛烈的撞击。
1186,action_part_penis_in_body_6_C,0,dr_womb_position_insert,{TargetName}的宫口被{penis_s}不断戳刺，那种又痛又爽的奇妙感受让她的理智一点点崩溃，只剩下原始的欲望。
1187,action_part_penis_in_body_6_C,0,dr_womb_position_insert,{TargetName}的子宫口传来阵阵酸麻，{penis_s}每次的轻触都让她全身如触电般颤抖，让她不断发出淫荡的呻吟。
1188,action_part_penis_in_body_6_C,0,dr_womb_position_insert,{penis_s}在宫口处的摩擦让{TargetName}感到既紧张又兴奋，她的子宫像是有自己的意志般地颤抖着，渴望更多。
1189,action_part_penis_in_body_6_C,0,dr_womb_position_insert,{TargetName}的宫口被{penis_s}反复顶弄，那种陌生又强烈的快感让她的身体不断抽搐，淫液也越流越多。
1190,action_part_penis_in_body_6_C,0,dr_womb_position_insert,每当{penis_s}撞击到子宫口时，{TargetName}都会感到一阵头晕目眩，那种无法形容的快感让她几乎晕厥过去。
1191,action_part_penis_in_body_6_C,0,dr_womb_position_insert,{TargetName}感到{penis_s}在她的宫口处反复摩擦，那种被侵犯到极限的感觉让她既羞耻又兴奋，无法自拔。
1192,action_part_penis_in_body_6_C,0,dr_womb_position_insert,{penis_s}戳刺宫口的快感让{TargetName}的大腿根部不断颤抖，一股股淫液随着抽插的节奏喷涌而出。
1193,action_part_penis_in_body_6_C,0,dr_womb_position_insert,{TargetName}的子宫口被{penis_s}撑开的瞬间，一种前所未有的刺激感席卷全身，让她发出近乎崩溃的呻吟。
1194,action_part_penis_in_body_6_C,0,dr_womb_position_insert,{penis_s}对宫口的顶弄让{TargetName}全身发热，她能感觉到自己的子宫正在不由自主地张开，等待更深入的占有。
1195,action_part_penis_in_body_6_C,0,dr_womb_position_insert,{TargetName}的子宫口被{penis_s}不断摩擦，那种羞耻的快感让她头脑一片空白，只能发出断断续续的呻吟声。
1196,action_part_penis_in_body_6_C,0,dr_womb_position_insert,{penis_s}顶开宫口的感觉让{TargetName}浑身发软，一阵阵强烈的快感从小腹深处扩散开来，让她欲罢不能。
1197,action_part_penis_in_body_6_C,0,dr_womb_position_insert,{TargetName}的宫口被{penis_s}反复刺激，每一次触碰都让她的子宫剧烈收缩，仿佛在吮吸着渴望更多的侵入。
1198,action_part_penis_in_body_6_C,0,dr_womb_position_insert,{penis_s}撞击宫口时，{TargetName}感到一种灭顶的快感，她的子宫深处涌起一股强烈的渴望，想要被彻底占有。
1199,action_part_penis_in_body_6_C,0,dr_womb_position_insert,{TargetName}的子宫口被{penis_s}顶开的刺激让她发出高亢的呻吟，那种被侵入最深处的快感令她难以承受。

1200,action_part_penis_in_body_6_C,0,dr_womb_position_sex,{TargetName}的{womb_s}被{penis_s}完全撑开，每一次抽送都让她全身抽搐，子宫深处传来的快感几乎让她失去意识。
1201,action_part_penis_in_body_6_C,0,dr_womb_position_sex,{TargetName}能清晰地感受到{penis_s}在{womb_s}内的形状，那种被最深处完全占据的感觉让她无法控制地痉挛不止。
1202,action_part_penis_in_body_6_C,0,dr_womb_position_sex,{penis_s}在{womb_s}内的搅动让{TargetName}发出近乎崩溃的呻吟，那种从未有过的刺激让她的理智彻底崩溃。
1203,action_part_penis_in_body_6_C,0,dr_womb_position_sex,{TargetName}的腹部随着{penis_s}的抽插而不断隆起，{womb_s}被侵占的感觉让她既羞耻又兴奋，无法自拔。
1204,action_part_penis_in_body_6_C,0,dr_womb_position_sex,{penis_s}在{womb_s}内的每一次动作都让{TargetName}感到灭顶的快感，她的子宫壁紧紧吸附着入侵者，不愿松开。
1205,action_part_penis_in_body_6_C,0,dr_womb_position_sex,{TargetName}的{womb_s}被{penis_s}撑满，那种最隐秘处被彻底侵犯的感觉让她发出淫荡的哭叫，浑身颤抖不已。
1206,action_part_penis_in_body_6_C,0,dr_womb_position_sex,{penis_s}在{womb_s}内旋转搅动的感觉让{TargetName}几乎疯狂，她能感到自己的子宫壁不受控制地痉挛着。
1207,action_part_penis_in_body_6_C,0,dr_womb_position_sex,{TargetName}的小腹随着{penis_s}的动作而变形，{womb_s}被彻底征服的快感让她止不住地流出眼泪和口水。
1208,action_part_penis_in_body_6_C,0,dr_womb_position_sex,{penis_s}顶到{womb_s}最深处时，{TargetName}会发出一声尖叫，那种被顶到极限的刺激让她瞬间达到高潮。
1209,action_part_penis_in_body_6_C,0,dr_womb_position_sex,{TargetName}的{womb_s}被{penis_s}不断摩擦，那种内壁被完全撑开的胀痛和快感混合在一起，让她欲仙欲死。
1210,action_part_penis_in_body_6_C,0,dr_womb_position_sex,{penis_s}在{TargetName}的{womb_s}内横冲直撞，每一下都让她感到一种撕裂般的快感，让她无法控制地尖叫。
1211,action_part_penis_in_body_6_C,0,dr_womb_position_sex,{TargetName}的{womb_s}被{penis_s}彻底侵占，那种从未体验过的深度让她的大脑一片空白，只能发出断断续续的呻吟。
1212,action_part_penis_in_body_6_C,0,dr_womb_position_sex,{TargetName}能感觉到{penis_s}正在她的{womb_s}内跳动，那种被彻底填满的满足感让她全身酥软，神魂颠倒。
1213,action_part_penis_in_body_6_C,0,dr_womb_position_sex,{penis_s}每次撞击{womb_s}深处，都会让{TargetName}感到一阵触电般的快感，让她的子宫壁痉挛不止。
1214,action_part_penis_in_body_6_C,0,dr_womb_position_sex,{TargetName}的{womb_s}被{penis_s}剧烈摩擦，那种前所未有的刺激让她浑身颤抖，淫液不断从交合处流出。
1215,action_part_penis_in_body_6_C,0,dr_womb_position_sex,{penis_s}在{womb_s}内的每一次搅动都让{TargetName}发出淫荡的呻吟，她能感到自己的子宫在不断收缩，贪婪地索取着更多。
1216,action_part_penis_in_body_6_C,0,dr_womb_position_sex,{TargetName}的小腹因{penis_s}的形状而突起，{womb_s}被侵犯到极限的羞耻感和快感让她几乎晕厥过去。
1217,action_part_penis_in_body_6_C,0,dr_womb_position_sex,{penis_s}直接顶在{womb_s}底部的感觉让{TargetName}全身痉挛，那种被顶到最深处的刺激让她连呼吸都变得困难。
1218,action_part_penis_in_body_6_C,0,dr_womb_position_sex,{TargetName}的{womb_s}紧紧包裹着{penis_s}，每一次抽送都带来一阵令人窒息的快感，让她不住地战栗。
1219,action_part_penis_in_body_6_C,0,dr_womb_position_sex,{penis_s}在{womb_s}内的激烈撞击让{TargetName}感到一种灭顶的快感，她的子宫壁不受控制地紧缩，像是要榨取其中的精华。
1220,action_part_penis_in_body_6_C,0,dr_womb_position_sex,{TargetName}的{womb_s}被{penis_s}彻底征服，那种被侵犯到最深处的快感让她的理智完全崩溃，只能发出淫荡的叫声。
1221,action_part_penis_in_body_6_C,0,dr_womb_position_sex,{penis_s}在{womb_s}内的旋转让{TargetName}感到一阵天旋地转，那种前所未有的刺激让她的子宫不断痉挛。
1222,action_part_penis_in_body_6_C,0,dr_womb_position_sex,{TargetName}的小腹随着{penis_s}的抽动而凸起，{womb_s}被完全占据的感觉让她既痛苦又快乐，无法自拔。
1223,action_part_penis_in_body_6_C,0,dr_womb_position_sex,{penis_s}在{womb_s}内的每一次动作都让{TargetName}感到一种难以言喻的满足感，她的子宫壁不住地收缩，渴望更多。
1224,action_part_penis_in_body_6_C,0,dr_womb_position_sex,{TargetName}能清晰地感受到{penis_s}在{womb_s}中的形状和脉动，那种被彻底侵占的感觉让她的理智完全崩溃。
1225,action_part_penis_in_body_6_C,0,dr_womb_position_sex,{penis_s}直接撞击{womb_s}底部的感觉让{TargetName}发出近乎崩溃的呻吟，她的子宫不断抽搐，像是在热情地迎合。
1226,action_part_penis_in_body_6_C,0,dr_womb_position_sex,{TargetName}的{womb_s}被{penis_s}毫无保留地占据，那种最隐秘处被侵犯的快感让她全身痉挛，不断高潮。
1227,action_part_penis_in_body_6_C,0,dr_womb_position_sex,{penis_s}在{womb_s}内的激烈抽送让{TargetName}感到一种前所未有的充实感，她的子宫壁紧紧吸附着不放。
1228,action_part_penis_in_body_6_C,0,dr_womb_position_sex,{TargetName}的腹部随着{penis_s}的抽插而起伏，{womb_s}被彻底占有的感觉让她既屈辱又兴奋，欲罢不能。
1229,action_part_penis_in_body_6_C,0,dr_womb_position_sex,{penis_s}在{womb_s}内的每一次搅动都让{TargetName}感到一种灭顶的快感，让她不由自主地发出淫荡的哭叫。
1230,action_part_penis_in_body_6_C,0,dr_womb_position_sex,{TargetName}的{womb_s}被{penis_s}撑到极限，那种被完全填满的感觉让她的理智荡然无存，只能沉浸在快感中。
1231,action_part_penis_in_body_6_C,0,dr_womb_position_sex,{penis_s}在{womb_s}内的猛烈撞击让{TargetName}感到一阵阵眩晕，那种被侵犯到最深处的快感让她止不住地颤抖。
1232,action_part_penis_in_body_6_C,0,dr_womb_position_sex,{TargetName}能感觉到{penis_s}在她的{womb_s}内跳动着，那种被彻底占有的感觉让她既羞耻又兴奋，无法自拔。
1233,action_part_penis_in_body_6_C,0,dr_womb_position_sex,{penis_s}在{womb_s}内的旋转搅动让{TargetName}发出断断续续的呻吟，那种从未体验过的刺激让她的子宫壁不断痉挛。
1234,action_part_penis_in_body_6_C,0,dr_womb_position_sex,{TargetName}的小腹因{penis_s}的侵入而隆起，{womb_s}被彻底征服的感觉让她的理智一点点崩溃，只剩下原始的欲望。
1235,action_part_penis_in_body_6_C,0,dr_womb_position_sex,{penis_s}直达{womb_s}深处的感觉让{TargetName}全身颤抖，那种被最深处完全占据的快感让她无法控制地不断高潮。
1236,action_part_penis_in_body_6_C,0,dr_womb_position_sex,{TargetName}的{womb_s}被{penis_s}撑满，内壁的每一寸都被摩擦的感觉让她发出近乎窒息的呻吟，神魂颠倒。
1237,action_part_penis_in_body_6_C,0,dr_womb_position_sex,{penis_s}在{womb_s}内的每一次抽动都让{TargetName}感到一种难以形容的满足感，她的子宫不断收缩，贪婪地索取着。
1238,action_part_penis_in_body_6_C,0,dr_womb_position_sex,{TargetName}的{womb_s}被{penis_s}彻底侵犯，那种被最深处完全占据的羞耻和快感让她的理智彻底崩溃。
1239,action_part_penis_in_body_6_C,0,dr_womb_position_sex,{penis_s}在{womb_s}内的猛烈撞击让{TargetName}感到一种前所未有的刺激，她的子宫内壁贪婪地吸附着不放。

2000,action_part_penis_in_body_6_C,0,dr_womb_position_insert&t_unconscious_flag_1&target_not_sleep_h_awake_but_pretend_sleep,沉睡中的{TargetName}无意识地颤抖着，{womb_s}入口被{penis_s}不断撑开摩擦，子宫口本能地收缩抵抗着，却被一次次顶开。
2001,action_part_penis_in_body_6_C,0,dr_womb_position_insert&t_unconscious_flag_1&target_not_sleep_h_awake_but_pretend_sleep,{TargetName}在睡梦中微微皱眉，{penis_s}挤入她窄小的子宫颈时，她的小腹不自觉地痉挛，淫液从交合处溢出。
2002,action_part_penis_in_body_6_C,0,dr_womb_position_insert&t_unconscious_flag_1&target_not_sleep_h_awake_but_pretend_sleep,即使在熟睡中，{TargetName}的{womb_s}也被迫接纳着入侵者，龟头每次撞击入口都让她无意识地夹紧双腿。
2003,action_part_penis_in_body_6_C,0,dr_womb_position_insert&t_unconscious_flag_1&target_not_sleep_h_awake_but_pretend_sleep,睡梦中的{TargetName}随着{penis_s}在子宫口的摩擦发出细微呻吟，身体在本能的刺激下渗出薄汗。
2004,action_part_penis_in_body_6_C,0,dr_womb_position_insert&t_unconscious_flag_1&target_not_sleep_h_awake_but_pretend_sleep,{TargetName}的子宫口在{penis_s}的顶弄下不断收缩，身体虽然沉睡却诚实地回应着最深处的侵犯。
2005,action_part_penis_in_body_6_C,0,dr_womb_position_insert&t_unconscious_flag_1&target_not_sleep_h_awake_but_pretend_sleep,沉睡中的{TargetName}被{penis_s}顶开子宫口，{womb_s}传来的刺激让她无意识地绷紧腰腹，呼吸急促。
2006,action_part_penis_in_body_6_C,0,dr_womb_position_insert&t_unconscious_flag_1&target_not_sleep_h_awake_but_pretend_sleep,{TargetName}在睡梦中感受着{penis_s}对子宫颈的摩擦，神经末梢被强烈刺激让她不停抽搐，淫水横流。
2007,action_part_penis_in_body_6_C,0,dr_womb_position_insert&t_unconscious_flag_1&target_not_sleep_h_awake_but_pretend_sleep,{penis_s}在{TargetName}子宫口的研磨让她睡梦中的身体本能地扭动，小腹不断起伏，花径痉挛不已。
2008,action_part_penis_in_body_6_C,0,dr_womb_position_insert&t_unconscious_flag_1&target_not_sleep_h_awake_but_pretend_sleep,熟睡的{TargetName}被{penis_s}入侵子宫口，身体诚实地吐出爱液，{womb_s}入口不由自主地吸吮着龟头。
2009,action_part_penis_in_body_6_C,0,dr_womb_position_insert&t_unconscious_flag_1&target_not_sleep_h_awake_but_pretend_sleep,沉睡中的{TargetName}全身轻颤，子宫口被{penis_s}一次次撑开，无法抵抗的酥麻感传遍全身。

2010,action_part_penis_in_body_6_C,0,dr_womb_position_insert&t_unconscious_flag_1&target_sleep_h_awake_but_pretend_sleep,装睡的{TargetName}咬紧嘴唇忍住呻吟，{penis_s}顶开子宫口时那种撕裂般的快感几乎让她无法保持呼吸均匀。
2011,action_part_penis_in_body_6_C,0,dr_womb_position_insert&t_unconscious_flag_1&target_sleep_h_awake_but_pretend_sleep,{TargetName}强忍着不发出声音，但{womb_s}入口被{penis_s}反复磨蹭的刺激让她的腰不自觉地微微挺起。
2012,action_part_penis_in_body_6_C,0,dr_womb_position_insert&t_unconscious_flag_1&target_sleep_h_awake_but_pretend_sleep,明明已经醒了，{TargetName}却死死闭着眼，子宫口被{penis_s}撑开的酸胀感让她内心既羞耻又兴奋。
2013,action_part_penis_in_body_6_C,0,dr_womb_position_insert&t_unconscious_flag_1&target_sleep_h_awake_but_pretend_sleep,{TargetName}装睡着，却无法控制子宫口在{penis_s}刺激下收缩痉挛，只能拼命忍住不让身体颤抖得太明显。
2014,action_part_penis_in_body_6_C,0,dr_womb_position_insert&t_unconscious_flag_1&target_sleep_h_awake_but_pretend_sleep,每当{penis_s}顶开子宫颈深入一点，{TargetName}都要咬紧牙关才能不叫出声，装睡的她私处早已泥泞不堪。
2015,action_part_penis_in_body_6_C,0,dr_womb_position_insert&t_unconscious_flag_1&target_sleep_h_awake_but_pretend_sleep,{TargetName}装作熟睡，但{womb_s}却诚实地吸吮着入侵的{penis_s}，子宫口的快感让她几乎要崩溃。
2016,action_part_penis_in_body_6_C,0,dr_womb_position_insert&t_unconscious_flag_1&target_sleep_h_awake_but_pretend_sleep,装睡的{TargetName}能清晰感受到{penis_s}在子宫口处的每一次摩擦，快感电流般窜过全身，使她脚趾都忍不住蜷缩。
2017,action_part_penis_in_body_6_C,0,dr_womb_position_insert&t_unconscious_flag_1&target_sleep_h_awake_but_pretend_sleep,{TargetName}强装镇定，但子宫颈被{penis_s}顶开的感觉太过强烈，她的呼吸已经开始紊乱，脸颊泛起潮红。
2018,action_part_penis_in_body_6_C,0,dr_womb_position_insert&t_unconscious_flag_1&target_sleep_h_awake_but_pretend_sleep,虽然装睡，但{TargetName}的{womb_s}却忠实反映着快感，每次{penis_s}顶入子宫口都让她内壁剧烈收缩。
2019,action_part_penis_in_body_6_C,0,dr_womb_position_insert&t_unconscious_flag_1&target_sleep_h_awake_but_pretend_sleep,{TargetName}紧闭双眼，却能感受到{penis_s}顶开子宫口的每一下撞击，又酸又麻的快感几乎让她装不下去。

2020,action_part_penis_in_body_6_C,0,dr_womb_position_insert&t_unconscious_flag_2,醉酒的{TargetName}迷迷糊糊感受着{penis_s}挤入子宫颈的压迫感，酒精麻痹下的快感来得更猛烈，子宫一阵阵痉挛。
2021,action_part_penis_in_body_6_C,0,dr_womb_position_insert&t_unconscious_flag_2,酒精的作用让{TargetName}更敏感，{womb_s}入口被{penis_s}顶开的刺激让她大声呻吟，全身泛起醉人的红晕。
2022,action_part_penis_in_body_6_C,0,dr_womb_position_insert&t_unconscious_flag_2,酒醉的{TargetName}无力抵抗，只能感受{penis_s}顶开子宫口的强烈快感，模糊中她的小腹剧烈抽动。
2023,action_part_penis_in_body_6_C,0,dr_womb_position_insert&t_unconscious_flag_2,{TargetName}醉眼朦胧，但子宫口被{penis_s}一次次撑开的刺激却无比清晰，让她醉态更甚，淫叫连连。
2024,action_part_penis_in_body_6_C,0,dr_womb_position_insert&t_unconscious_flag_2,醉酒状态下的{TargetName}失去了矜持，{womb_s}被{penis_s}入侵时她不加掩饰地扭动腰肢，迎合着侵犯。
2025,action_part_penis_in_body_6_C,0,dr_womb_position_insert&t_unconscious_flag_2,酒精让{TargetName}的抵抗变得软弱，{penis_s}轻易顶入子宫颈，她只能发出断断续续的醉酒呻吟。
2026,action_part_penis_in_body_6_C,0,dr_womb_position_insert&t_unconscious_flag_2,{TargetName}醉酒后的{womb_s}格外敏感，{penis_s}每次顶开子宫口都让她全身颤抖，淫水喷涌不止。
2027,action_part_penis_in_body_6_C,0,dr_womb_position_insert&t_unconscious_flag_2,意识模糊的{TargetName}感受着{penis_s}在子宫口的摩擦，酒精作用下她忘情地呻吟着，双腿大开。
2028,action_part_penis_in_body_6_C,0,dr_womb_position_insert&t_unconscious_flag_2,醉酒的{TargetName}无法思考，只有子宫口被{penis_s}顶开的快感格外真实，让她抽泣着求饶又扭腰迎合。
2029,action_part_penis_in_body_6_C,0,dr_womb_position_insert&t_unconscious_flag_2,酒精麻痹了{TargetName}的羞耻心，她放浪地摇晃腰肢，让{penis_s}更深地刺激着子宫颈，淫叫不断。

2030,action_part_penis_in_body_6_C,0,dr_womb_position_insert&t_unconscious_flag_3,时间静止的{TargetName}子宫口被{penis_s}撑开，若她有意识，此刻必定因极端的刺激而全身痉挛，阴道死死绞紧。
2031,action_part_penis_in_body_6_C,0,dr_womb_position_insert&t_unconscious_flag_3,静止时间中，{TargetName}的{womb_s}入口被迫容纳着{penis_s}，子宫颈的嫩肉被撑到极限却无法产生任何反应。
2032,action_part_penis_in_body_6_C,0,dr_womb_position_insert&t_unconscious_flag_3,若非时间停止，{TargetName}必定会因{penis_s}对子宫口的摩擦而疯狂扭动，现在却只能保持着被插入的姿势。
2033,action_part_penis_in_body_6_C,0,dr_womb_position_insert&t_unconscious_flag_3,时间凝固的{TargetName}无法感知{penis_s}插入子宫口的剧烈快感，她的身体静止在即将高潮的一刻。
2034,action_part_penis_in_body_6_C,0,dr_womb_position_insert&t_unconscious_flag_3,{TargetName}的子宫颈在时间静止中被{penis_s}撑开，她的表情凝固在那一刻，无法展现应有的痛苦与快乐。
2035,action_part_penis_in_body_6_C,0,dr_womb_position_insert&t_unconscious_flag_3,时停状态下，{TargetName}的{womb_s}被{penis_s}侵入，那紧致的子宫口若在正常时间必定剧烈收缩，淫水泛滥。
2036,action_part_penis_in_body_6_C,0,dr_womb_position_insert&t_unconscious_flag_3,{TargetName}在时间停止中无法感知子宫口被{penis_s}顶开的极致刺激，那种能让人尖叫的快感被永远冻结。
2037,action_part_penis_in_body_6_C,0,dr_womb_position_insert&t_unconscious_flag_3,静止的{TargetName}无法体会{penis_s}撑开子宫颈时的酸麻感，她的身体被固定在那个敏感点被侵犯的瞬间。
2038,action_part_penis_in_body_6_C,0,dr_womb_position_insert&t_unconscious_flag_3,时间暂停让{TargetName}无法感受子宫口被{penis_s}撑开的快感，那种能让她失控尖叫的刺激被凝固在此刻。
2039,action_part_penis_in_body_6_C,0,dr_womb_position_insert&t_unconscious_flag_3,{TargetName}在时停中被{penis_s}顶开子宫口，若时间恢复，这种深度刺激必定让她淫叫连连，爱液横流。

2040,action_part_penis_in_body_6_C,0,dr_womb_position_insert&t_unconscious_flag_4,被催眠的{TargetName}平静地接受着{penis_s}对子宫口的侵犯，仿佛这只是日常检查般，但身体却诚实地痉挛着。
2041,action_part_penis_in_body_6_C,0,dr_womb_position_insert&t_unconscious_flag_4,{TargetName}表情平淡，却能清晰感受到{penis_s}顶开子宫口的每一次刺激，子宫颈不自觉地收缩吸吮。
2042,action_part_penis_in_body_6_C,0,dr_womb_position_insert&t_unconscious_flag_4,催眠状态下的{TargetName}以为这很正常，任由{womb_s}入口被{penis_s}肆意摩擦，却无法抑制身体的颤抖。
2043,action_part_penis_in_body_6_C,0,dr_womb_position_insert&t_unconscious_flag_4,{TargetName}平静地承受着{penis_s}在子宫口的撞击，身体却本能地扭动迎合，淫水越流越多。
2044,action_part_penis_in_body_6_C,0,dr_womb_position_insert&t_unconscious_flag_4,被催眠的{TargetName}对{penis_s}撑开子宫颈的行为毫无抵抗，但快感却诚实地让她小腹一阵阵收缩。
2045,action_part_penis_in_body_6_C,0,dr_womb_position_insert&t_unconscious_flag_4,{TargetName}的{womb_s}正被{penis_s}入侵，她却视若无事，只有泛滥的淫水和微微颤抖的身体暴露了真实感受。
2046,action_part_penis_in_body_6_C,0,dr_womb_position_insert&t_unconscious_flag_4,催眠让{TargetName}认为子宫口被{penis_s}顶弄是理所当然的事，但她的身体却因极致快感而不住战栗。
2047,action_part_penis_in_body_6_C,0,dr_womb_position_insert&t_unconscious_flag_4,{TargetName}面无表情，但{womb_s}入口被撑开的强烈刺激让她双腿发软，小腹不断抽动，淫水泛滥。
2048,action_part_penis_in_body_6_C,0,dr_womb_position_insert&t_unconscious_flag_4,被催眠的{TargetName}平静地接受{penis_s}顶开子宫口的侵犯，但身体却已经敏感到轻轻一碰就会痉挛。
2049,action_part_penis_in_body_6_C,0,dr_womb_position_insert&t_unconscious_flag_4,{TargetName}在催眠下没有抵抗，任凭{penis_s}顶开子宫颈，但每次深入都让她不自觉地仰头、绷紧小腹。

2050,action_part_penis_in_body_6_C,0,dr_womb_position_insert&t_unconscious_flag_5,{TargetName}完全无视{penis_s}已顶开她的子宫口，但身体却不由自主地痉挛，双腿颤抖，爱液从交合处流下。
2051,action_part_penis_in_body_6_C,0,dr_womb_position_insert&t_unconscious_flag_5,仿佛感受不到似的，{TargetName}专注于手上的事，却无法控制{womb_s}入口在{penis_s}刺激下紧紧收缩。
2052,action_part_penis_in_body_6_C,0,dr_womb_position_insert&t_unconscious_flag_5,{TargetName}的身体诚实地回应着{penis_s}对子宫口的侵犯，尽管她的意识完全忽略了这一事实，小腹却不断抽搐。
2053,action_part_penis_in_body_6_C,0,dr_womb_position_insert&t_unconscious_flag_5,无视{penis_s}的存在，{TargetName}却无法控制子宫口被顶开时那种电流般的快感，让她偶尔停下手中的动作。
2054,action_part_penis_in_body_6_C,0,dr_womb_position_insert&t_unconscious_flag_5,{TargetName}的{womb_s}入口被{penis_s}反复摩擦着，尽管她装作毫无感觉，但频繁的颤抖和湿透的内裤出卖了她。
2055,action_part_penis_in_body_6_C,0,dr_womb_position_insert&t_unconscious_flag_5,忽视体内{penis_s}的{TargetName}却无法忽视子宫口被顶开的强烈刺激，每次抽插都让她呼吸一滞，双腿紧绷。
2056,action_part_penis_in_body_6_C,0,dr_womb_position_insert&t_unconscious_flag_5,{TargetName}的子宫颈被{penis_s}缓慢磨蹭，她假装无事发生，但紊乱的呼吸和微微抽动的小腹暴露了一切。
2057,action_part_penis_in_body_6_C,0,dr_womb_position_insert&t_unconscious_flag_5,即使刻意忽略，{TargetName}的身体也无法无视{penis_s}顶开子宫口的刺激，每一次撞击都让她不自觉地收紧下体。
2058,action_part_penis_in_body_6_C,0,dr_womb_position_insert&t_unconscious_flag_5,{TargetName}表面上忽视着{penis_s}的存在，但子宫口被撑开的快感太过强烈，让她的动作时而停顿，脸色潮红。
2059,action_part_penis_in_body_6_C,0,dr_womb_position_insert&t_unconscious_flag_5,装作对{penis_s}毫无感觉，但{TargetName}的子宫颈却在每次被顶弄时痉挛收缩，淫水顺着大腿内侧滑下。

2060,action_part_penis_in_body_6_C,0,dr_womb_position_insert&t_unconscious_flag_6&t_hypnosis_blockhead,{TargetName}的意识清醒，却无法控制自己的身体，只能眼睁睁感受{penis_s}顶开子宫口带来的极致快感。
2061,action_part_penis_in_body_6_C,0,dr_womb_position_insert&t_unconscious_flag_6&t_hypnosis_blockhead,无法动弹的{TargetName}清晰感受到{penis_s}挤入子宫颈的每一分撑开感，快感如电流般席卷全身却无法呻吟。
2062,action_part_penis_in_body_6_C,0,dr_womb_position_insert&t_unconscious_flag_6&t_hypnosis_blockhead,{TargetName}的{womb_s}入口被{penis_s}反复摩擦，她意识清醒却只能僵硬地承受，无法表达那种灭顶的刺激。
2063,action_part_penis_in_body_6_C,0,dr_womb_position_insert&t_unconscious_flag_6&t_hypnosis_blockhead,被控制的{TargetName}无法发出声音，但子宫口被{penis_s}顶开的感觉让她在心中尖叫，身体内部却诚实地痉挛。
2064,action_part_penis_in_body_6_C,0,dr_womb_position_insert&t_unconscious_flag_6&t_hypnosis_blockhead,{TargetName}僵直的身体无法反抗，但子宫颈被{penis_s}入侵的快感却在脑海中炸开，连意识都几乎被撕裂。
2065,action_part_penis_in_body_6_C,0,dr_womb_position_insert&t_unconscious_flag_6&t_hypnosis_blockhead,无法动弹的{TargetName}只能任由{penis_s}顶开子宫口，那种无法言喻的快感让她内心崩溃，却只能默默承受。
2066,action_part_penis_in_body_6_C,0,dr_womb_position_insert&t_unconscious_flag_6&t_hypnosis_blockhead,{TargetName}的{womb_s}被{penis_s}侵犯着，她清醒地感受着一切却无法挣扎，只能在心中哭泣和呻吟。
2067,action_part_penis_in_body_6_C,0,dr_womb_position_insert&t_unconscious_flag_6&t_hypnosis_blockhead,被控制的{TargetName}眼中满是屈辱，但子宫口被{penis_s}顶开的酸胀快感却让她的理智几乎崩溃。
2068,action_part_penis_in_body_6_C,0,dr_womb_position_insert&t_unconscious_flag_6&t_hypnosis_blockhead,{TargetName}的子宫颈正被{penis_s}撑开，她清醒地体会着这种侵犯，身体却无法做出任何反应，只能被动承受。
2069,action_part_penis_in_body_6_C,0,dr_womb_position_insert&t_unconscious_flag_6&t_hypnosis_blockhead,木偶般的{TargetName}无法抵抗，只能任由{penis_s}顶弄子宫口，内心的羞耻和快感交织让她精神几近崩溃。

2070,action_part_penis_in_body_6_C,0,dr_womb_position_insert&t_unconscious_flag_6&t_hypnosis_active_h,{TargetName}身体被控制着主动扭动，让{penis_s}更深地顶入子宫口，内心的羞耻与身体的快感让她崩溃。
2071,action_part_penis_in_body_6_C,0,dr_womb_position_insert&t_unconscious_flag_6&t_hypnosis_active_h,不受控制的{TargetName}主动摆动腰肢，让{womb_s}入口迎合{penis_s}的撞击，快感与耻辱同时冲击着她的理智。
2072,action_part_penis_in_body_6_C,0,dr_womb_position_insert&t_unconscious_flag_6&t_hypnosis_active_h,{TargetName}无法控制自己的行为，身体主动让{penis_s}撑开子宫颈，内心却因这种深入的快感而羞耻崩溃。
2073,action_part_penis_in_body_6_C,0,dr_womb_position_insert&t_unconscious_flag_6&t_hypnosis_active_h,被控制的{TargetName}主动献上自己的{womb_s}，子宫口被{penis_s}撑开时那种极致快感让她内心无比屈辱。
2074,action_part_penis_in_body_6_C,0,dr_womb_position_insert&t_unconscious_flag_6&t_hypnosis_active_h,{TargetName}的身体违背意志主动扭动，让{penis_s}更精准地顶弄子宫口，快感的电流让她既厌恶又沉沦。
2075,action_part_penis_in_body_6_C,0,dr_womb_position_insert&t_unconscious_flag_6&t_hypnosis_active_h,无法控制的{TargetName}摆动着腰，引导{penis_s}研磨自己的子宫颈，心中的羞耻感与身体的愉悦截然相反。
2076,action_part_penis_in_body_6_C,0,dr_womb_position_insert&t_unconscious_flag_6&t_hypnosis_active_h,{TargetName}被迫发出淫荡的呻吟，引导{penis_s}顶开她的子宫口，快感与羞耻在她心中激烈交战。
2077,action_part_penis_in_body_6_C,0,dr_womb_position_insert&t_unconscious_flag_6&t_hypnosis_active_h,被控制的{TargetName}热情地扭动腰肢，让{penis_s}更深入地撞击子宫口，体验着羞耻与快感的双重折磨。
2078,action_part_penis_in_body_6_C,0,dr_womb_position_insert&t_unconscious_flag_6&t_hypnosis_active_h,{TargetName}的身体违背意志高高抬起臀部，方便{penis_s}更深入地顶弄子宫颈，她的意识在快感中几近崩溃。
2079,action_part_penis_in_body_6_C,0,dr_womb_position_insert&t_unconscious_flag_6&t_hypnosis_active_h,被迫淫荡的{TargetName}主动吞吐着{penis_s}，让龟头一次次撑开子宫口，内心的羞耻与身体的快感同时到达巅峰。

2080,action_part_penis_in_body_6_C,0,dr_womb_position_sex&t_unconscious_flag_1&target_not_sleep_h_awake_but_pretend_sleep,熟睡中的{TargetName}被{penis_s}侵入{womb_s}，身体无意识地颤抖着，子宫壁被迫绞紧，快感从深处扩散到全身，让她在睡梦中无助地呻吟。
2081,action_part_penis_in_body_6_C,0,dr_womb_position_sex&t_unconscious_flag_1&target_not_sleep_h_awake_but_pretend_sleep,在睡眠中，{TargetName}的{womb_s}被{penis_s}填满搅动，她的子宫不受控制地痉挛着，小腹不断涌上一阵阵热流，引发全身无意识地迎合。
2082,action_part_penis_in_body_6_C,0,dr_womb_position_sex&t_unconscious_flag_1&target_not_sleep_h_awake_but_pretend_sleep,沉睡中的{TargetName}的{womb_s}被{penis_s}顶弄，子宫口被强行撑开，一阵阵酥麻感从肚子里蔓延开来，让她的睡颜逐渐变得扭曲而甜美。
2083,action_part_penis_in_body_6_C,0,dr_womb_position_sex&t_unconscious_flag_1&target_not_sleep_h_awake_but_pretend_sleep,{TargetName}在沉睡中，{womb_s}却被{penis_s}占满，每次撞击都让她的子宫壁不自觉地收缩，梦里都感受到一波波陌生而猛烈的快感袭来。
2084,action_part_penis_in_body_6_C,0,dr_womb_position_sex&t_unconscious_flag_1&target_not_sleep_h_awake_but_pretend_sleep,睡梦中的{TargetName}不知道自己的{womb_s}正被{penis_s}深入侵犯，身体却本能地分泌出更多爱液，小腹抽搐着迎合每一次深入。
2085,action_part_penis_in_body_6_C,0,dr_womb_position_sex&t_unconscious_flag_1&target_not_sleep_h_awake_but_pretend_sleep,{TargetName}在睡眠中无法抵抗，{womb_s}被{penis_s}撑得满满当当，子宫内壁敏感地感知着每一次擦过，让她在无意识中双腿抽搐，发出甜腻的鼻音。
2086,action_part_penis_in_body_6_C,0,dr_womb_position_sex&t_unconscious_flag_1&target_not_sleep_h_awake_but_pretend_sleep,无知无觉的{TargetName}任由{penis_s}在{womb_s}里肆意妄为，每一次搅动都让她的子宫深处传来阵阵甜美的酥麻，让她的睡颜也染上一丝淫靡的潮红。
2087,action_part_penis_in_body_6_C,0,dr_womb_position_sex&t_unconscious_flag_1&target_not_sleep_h_awake_but_pretend_sleep,沉睡的{TargetName}呼吸急促起来，{womb_s}被{penis_s}强行翻搅，贪婪的子宫壁不受控制地吮吸着入侵物，大脑仿佛被电流贯穿般一片空白。
2088,action_part_penis_in_body_6_C,0,dr_womb_position_sex&t_unconscious_flag_1&target_not_sleep_h_awake_but_pretend_sleep,在睡梦中，{TargetName}的{womb_s}被{penis_s}顶到最深处，持续的侵犯让她无意识地翻白眼，子宫一阵阵痉挛，像是被打开了什么奇怪的开关。
2089,action_part_penis_in_body_6_C,0,dr_womb_position_sex&t_unconscious_flag_1&target_not_sleep_h_awake_but_pretend_sleep,{TargetName}睡梦中的{womb_s}被{penis_s}深入抽插，子宫口被撑到极限，每次摩擦都让她全身触电般颤抖，下体不受控制地涌出一股股粘稠的爱液。
2090,action_part_penis_in_body_6_C,0,dr_womb_position_sex&t_unconscious_flag_1&target_sleep_h_awake_but_pretend_sleep,装睡的{TargetName}忍受着{penis_s}在{womb_s}里的肆意捣弄，子宫深处酸麻一片，她咬紧牙关不敢发出声音，却无法控制私处不断痉挛收缩。
2091,action_part_penis_in_body_6_C,0,dr_womb_position_sex&t_unconscious_flag_1&target_sleep_h_awake_but_pretend_sleep,{TargetName}装作熟睡，但{womb_s}被{penis_s}顶撞时，那电击般的快感几乎让她暴露，她拼命保持呼吸均匀，子宫却不受控制地痉挛迎合。
2092,action_part_penis_in_body_6_C,0,dr_womb_position_sex&t_unconscious_flag_1&target_sleep_h_awake_but_pretend_sleep,明明已经醒了，{TargetName}却装睡承受着{penis_s}对{womb_s}的侵犯，她强忍着不动，但子宫内壁却主动缠绕着肉棒，贪婪地渴求更多摩擦。
2093,action_part_penis_in_body_6_C,0,dr_womb_position_sex&t_unconscious_flag_1&target_sleep_h_awake_but_pretend_sleep,装睡的{TargetName}感受到{penis_s}在{womb_s}内搅动的强烈刺激，子宫深处酥麻难耐，她不敢出声，只能在心里呻吟着，小腹却不自觉地挺起迎合。
2094,action_part_penis_in_body_6_C,0,dr_womb_position_sex&t_unconscious_flag_1&target_sleep_h_awake_but_pretend_sleep,{TargetName}装睡得快要崩溃，{womb_s}被{penis_s}塞得满满当当，每次抽插都带来难以抗拒的快感，子宫像有意识般紧紧吸附，差点让她破功呻吟出声。
2095,action_part_penis_in_body_6_C,0,dr_womb_position_sex&t_unconscious_flag_1&target_sleep_h_awake_but_pretend_sleep,假装睡着的{TargetName}不敢睁眼，但{womb_s}里{penis_s}的每次抽动都让她几乎瓦解，子宫深处像是被电击一般，她只能咬紧嘴唇装作无知无觉。
2096,action_part_penis_in_body_6_C,0,dr_womb_position_sex&t_unconscious_flag_1&target_sleep_h_awake_but_pretend_sleep,{TargetName}拼命维持平稳的呼吸，却无法控制{womb_s}对{penis_s}的热情吮吸，子宫深处的每一次摩擦都让她快要崩溃，脚趾都因快感而不自觉地蜷缩。
2097,action_part_penis_in_body_6_C,0,dr_womb_position_sex&t_unconscious_flag_1&target_sleep_h_awake_but_pretend_sleep,装睡的{TargetName}感受到{penis_s}在{womb_s}内的每一次搅动，子宫酸麻不已，她强忍着不发出声音，但那甜美的快感几乎让她的伪装彻底崩塌。
2098,action_part_penis_in_body_6_C,0,dr_womb_position_sex&t_unconscious_flag_1&target_sleep_h_awake_but_pretend_sleep,{TargetName}闭眼装睡，忍受着{penis_s}对{womb_s}的猛烈进攻，她的子宫深处如同融化一般，每次顶撞都让她差点叫出声来，只能用舌尖抵住上颚强忍。
2099,action_part_penis_in_body_6_C,0,dr_womb_position_sex&t_unconscious_flag_1&target_sleep_h_awake_but_pretend_sleep,心跳加速的{TargetName}装作毫无反应，但{womb_s}被{penis_s}填满的感觉太过鲜明，子宫深处传来的阵阵酥麻让她腰部不自觉地轻微晃动，险些暴露自己。
2100,action_part_penis_in_body_6_C,0,dr_womb_position_sex&t_unconscious_flag_2,醉酒的{TargetName}迷迷糊糊地感受着{penis_s}在{womb_s}里抽送，子宫深处传来一阵阵酥麻，她醉意朦胧地呻吟着，下体止不住地流出爱液。
2101,action_part_penis_in_body_6_C,0,dr_womb_position_sex&t_unconscious_flag_2,酒精麻痹了{TargetName}的神经，却让{womb_s}变得更加敏感，{penis_s}的每次顶撞都让她发出断断续续的醉酒呻吟，子宫痉挛着迎合。
2102,action_part_penis_in_body_6_C,0,dr_womb_position_sex&t_unconscious_flag_2,酒醉中的{TargetName}感觉{womb_s}被{penis_s}塞满，子宫内壁被反复摩擦，朦胧中她感觉身体里有什么东西融化了，快感一波波席卷全身。
2103,action_part_penis_in_body_6_C,0,dr_womb_position_sex&t_unconscious_flag_2,{TargetName}醉得一塌糊涂，但{womb_s}却清醒地记住了{penis_s}的形状，每次抽送都让她的子宫抽搐颤抖，大脑混沌中只剩下一片快感。
2104,action_part_penis_in_body_6_C,0,dr_womb_position_sex&t_unconscious_flag_2,酒精让{TargetName}变得迟钝，但{womb_s}却比平时更加敏感，{penis_s}每次顶撞都让她在醉意中发出甜腻的呻吟，子宫深处火热酸麻。
2105,action_part_penis_in_body_6_C,0,dr_womb_position_sex&t_unconscious_flag_2,醉醺醺的{TargetName}双眼迷离，{womb_s}却清楚地感受着{penis_s}的入侵，子宫内壁传来的阵阵酥麻让她意识模糊，只能发出断断续续的呜咽。
2106,action_part_penis_in_body_6_C,0,dr_womb_position_sex&t_unconscious_flag_2,{TargetName}醉酒后的{womb_s}变得异常敏感，{penis_s}每次搅动都让她大脑一片空白，子宫不受控制地痉挛收缩，嘴里胡乱呻吟着淫词浪语。
2107,action_part_penis_in_body_6_C,0,dr_womb_position_sex&t_unconscious_flag_2,酒精作用下，{TargetName}的{womb_s}热情地包裹着{penis_s}，子宫深处传来的快感让她在醉意中摇晃着腰肢，嘴里不停呢喃着更多、再深点。
2108,action_part_penis_in_body_6_C,0,dr_womb_position_sex&t_unconscious_flag_2,醉酒的{TargetName}失去理智，但{womb_s}却诚实地吮吸着{penis_s}，子宫口被撑开的酸胀感和深处不断累积的快感让她在意识模糊中达到高潮。
2109,action_part_penis_in_body_6_C,0,dr_womb_position_sex&t_unconscious_flag_2,酒意朦胧中，{TargetName}的{womb_s}被{penis_s}填满搅动，子宫内壁不受控制地收缩蠕动，她醉醺醺地呻吟着，全身因强烈的快感而颤抖不已。
2110,action_part_penis_in_body_6_C,0,dr_womb_position_sex&t_unconscious_flag_3,时间静止中，{TargetName}的{womb_s}被{penis_s}撑开填满，子宫内壁被迫紧贴着入侵物，快感积累在静止的身体里无法释放，如同永恒的折磨。
2111,action_part_penis_in_body_6_C,0,dr_womb_position_sex&t_unconscious_flag_3,静止世界里，{TargetName}的表情凝固不变，但{womb_s}却被{penis_s}肆意侵犯，子宫壁上的神经末梢被不断刺激，快感无法表达只能在体内累积。
2112,action_part_penis_in_body_6_C,0,dr_womb_position_sex&t_unconscious_flag_3,在时间停止的瞬间，{TargetName}的{womb_s}被{penis_s}强硬地顶开撑满，子宫内壁的每一寸都被摩擦刺激，无法表达的快感如同火山般在体内堆积。
2113,action_part_penis_in_body_6_C,0,dr_womb_position_sex&t_unconscious_flag_3,时停世界中，{TargetName}被定格的{womb_s}无法反抗{penis_s}的侵入，子宫内壁被一次次擦过，无法释放的强烈快感积累在静止的神经中。
2114,action_part_penis_in_body_6_C,0,dr_womb_position_sex&t_unconscious_flag_3,{TargetName}在时间暂停中，{womb_s}被{penis_s}深深侵入，子宫内壁每一寸褶皱都被撑开，无法表达的快感凝固在这一刻，等待时间恢复时爆发。
2115,action_part_penis_in_body_6_C,0,dr_womb_position_sex&t_unconscious_flag_3,时间静止的{TargetName}无法动弹，{womb_s}却被{penis_s}撑开填满，子宫无法收缩，只能被动地承受着每一次深入的摩擦和刺激。
2116,action_part_penis_in_body_6_C,0,dr_womb_position_sex&t_unconscious_flag_3,静止的世界里，{TargetName}的{womb_s}被{penis_s}占据，子宫深处的每一次摩擦都刻在静止的时间里，快感累积却无法宣泄，只能在时间恢复时一并爆发。
2117,action_part_penis_in_body_6_C,0,dr_womb_position_sex&t_unconscious_flag_3,{TargetName}在时停中，{womb_s}被{penis_s}完全填满，子宫内的每一次搅动都无法得到身体的回应，快感只能在静止的神经中不断积压。
2118,action_part_penis_in_body_6_C,0,dr_womb_position_sex&t_unconscious_flag_3,停滞的时间里，{TargetName}的{womb_s}无法躲避{penis_s}的侵犯，子宫壁被反复摩擦的快感无法表现在脸上，只能在体内静静堆积等待释放。
2119,action_part_penis_in_body_6_C,0,dr_womb_position_sex&t_unconscious_flag_3,时间暂停的{TargetName}表情凝固，但{womb_s}却被{penis_s}硬生生撑开，子宫内壁的每一次刺激都被冻结在这一刻，形成无法释放的永恒快感。
2120,action_part_penis_in_body_6_C,0,dr_womb_position_sex&t_unconscious_flag_4,被催眠的{TargetName}平静地接受{penis_s}在{womb_s}内的抽插，子宫深处传来阵阵酥麻，但她只是面无表情地承受着，仿佛这是再正常不过的事。
2121,action_part_penis_in_body_6_C,0,dr_womb_position_sex&t_unconscious_flag_4,{TargetName}的{womb_s}被{penis_s}撑得满满当当，子宫口传来一阵阵酸胀感，她却平静地承受着，只有身体偶尔的轻颤才泄露出真实感受。
2122,action_part_penis_in_body_6_C,0,dr_womb_position_sex&t_unconscious_flag_4,催眠状态下，{TargetName}的{womb_s}诚实地绞紧了{penis_s}，子宫壁不住地痉挛，但她的表情依然平静，只有断断续续的喘息透露着快感的存在。
2123,action_part_penis_in_body_6_C,0,dr_womb_position_sex&t_unconscious_flag_4,{TargetName}眼神空洞，但{womb_s}却热情地包裹着{penis_s}，子宫内壁传来的每一波快感都让她身体微微颤抖，却始终保持着平静的表情。
2124,action_part_penis_in_body_6_C,0,dr_womb_position_sex&t_unconscious_flag_4,被催眠的{TargetName}仿佛认为这是正常事，{womb_s}被{penis_s}塞满的感觉让她子宫深处电流般酸麻，但她只是平静地随着节奏微微摆动腰肢。
2125,action_part_penis_in_body_6_C,0,dr_womb_position_sex&t_unconscious_flag_4,{TargetName}在催眠下平静地接受{penis_s}对{womb_s}的侵犯，子宫内壁每次被摩擦都让她小腹痉挛，却只在脸上露出一丝不易察觉的迷离。
2126,action_part_penis_in_body_6_C,0,dr_womb_position_sex&t_unconscious_flag_4,催眠状态的{TargetName}面无表情，但{womb_s}却被{penis_s}撑到极限，子宫深处传来的阵阵快感让她不自觉地收紧下体，仿佛这是身体的本能反应。
2127,action_part_penis_in_body_6_C,0,dr_womb_position_sex&t_unconscious_flag_4,{TargetName}在催眠下认为这是理所应当，但{womb_s}被{penis_s}填满顶弄时，子宫依然忠实地传递着每一波快感，让她的呼吸逐渐变得急促。
2128,action_part_penis_in_body_6_C,0,dr_womb_position_sex&t_unconscious_flag_4,被催眠的{TargetName}平静地承受着{penis_s}在{womb_s}内的每一次撞击，子宫内壁却不受控制地收缩痉挛，私处不断涌出的爱液背叛了她平静的表情。
2129,action_part_penis_in_body_6_C,0,dr_womb_position_sex&t_unconscious_flag_4,催眠下的{TargetName}认为{penis_s}在{womb_s}里抽送是正常的，子宫被不断刺激的快感让她身体轻颤，但表情依然平静，只有微微泛红的脸颊暴露了真实感受。
2130,action_part_penis_in_body_6_C,0,dr_womb_position_sex&t_unconscious_flag_5,{TargetName}完全无视{penis_s}在{womb_s}内的侵犯，继续着手头的工作，但子宫深处传来的阵阵酥麻却让她的动作时不时地停顿，呼吸也变得不稳。
2131,action_part_penis_in_body_6_C,0,dr_womb_position_sex&t_unconscious_flag_5,被催眠的{TargetName}忽视着{womb_s}被{penis_s}撑满的事实，子宫内壁却诚实地收缩痉挛，身体不自觉地分泌出更多爱液，小腹也微微颤抖。
2132,action_part_penis_in_body_6_C,0,dr_womb_position_sex&t_unconscious_flag_5,{TargetName}若无其事地活动着，全然不顾{penis_s}在{womb_s}里抽送的事实，但每当子宫深处被顶到敏感点，她的动作就会突然停滞，眼神短暂失焦。
2133,action_part_penis_in_body_6_C,0,dr_womb_position_sex&t_unconscious_flag_5,催眠让{TargetName}无视了{womb_s}里{penis_s}的存在，但子宫被顶撞时那股酸麻感却让她不自觉地夹紧双腿，脸上闪过一丝难以察觉的潮红。
2134,action_part_penis_in_body_6_C,0,dr_womb_position_sex&t_unconscious_flag_5,{TargetName}完全忽视下体的变化，专注于眼前事务，但{womb_s}被{penis_s}填满的强烈刺激让她的呼吸逐渐紊乱，双腿间也流下粘稠的液体。
2135,action_part_penis_in_body_6_C,0,dr_womb_position_sex&t_unconscious_flag_5,无视一切的{TargetName}继续日常活动，但{womb_s}被{penis_s}猛烈顶撞时，子宫深处的酥麻感让她突然停下，咬住下唇，随后又若无其事地继续。
2136,action_part_penis_in_body_6_C,0,dr_womb_position_sex&t_unconscious_flag_5,{TargetName}在催眠下忽略了{penis_s}的存在，但{womb_s}却如实反映着每一次侵入，子宫内壁不住收缩，双腿不时颤抖，视线也偶尔失去焦点。
2137,action_part_penis_in_body_6_C,0,dr_womb_position_sex&t_unconscious_flag_5,被催眠的{TargetName}对{penis_s}视若无睹，但{womb_s}被顶到深处时，那电击般的快感让她身体突然僵直，下体也不自觉地喷出一股爱液。
2138,action_part_penis_in_body_6_C,0,dr_womb_position_sex&t_unconscious_flag_5,{TargetName}无视着{womb_s}内{penis_s}的搅动，但每次子宫被深入顶撞，她都会不自觉地停下手中的动作，短暂失神，呼吸急促，随后又恢复如常。
2139,action_part_penis_in_body_6_C,0,dr_womb_position_sex&t_unconscious_flag_5,催眠状态的{TargetName}对{penis_s}的存在毫无察觉，但{womb_s}内的每次抽送都让她的子宫痉挛，身体微微颤抖，眼神也偶尔涣散，散发出无意识的情欲。
2140,action_part_penis_in_body_6_C,0,dr_womb_position_sex&t_unconscious_flag_6&t_hypnosis_blockhead,被控制的{TargetName}身体无法动弹，但意识清醒地感受着{penis_s}在{womb_s}里肆意妄为，子宫被撑满的羞耻和快感让她内心崩溃，却无法表达。
2141,action_part_penis_in_body_6_C,0,dr_womb_position_sex&t_unconscious_flag_6&t_hypnosis_blockhead,{TargetName}的身体被控制成木偶状态，{womb_s}被{penis_s}填满搅动，子宫深处传来的酥麻让她内心尖叫，却只能以僵硬的姿势承受着。
2142,action_part_penis_in_body_6_C,0,dr_womb_position_sex&t_unconscious_flag_6&t_hypnosis_blockhead,无法动弹的{TargetName}清醒地感受着{penis_s}在{womb_s}的每一次撞击，子宫壁不住地痉挛，但她的身体无法表达，只能在心中羞耻地呻吟。
2143,action_part_penis_in_body_6_C,0,dr_womb_position_sex&t_unconscious_flag_6&t_hypnosis_blockhead,{TargetName}被控制得动弹不得，眼睁睁地感受{womb_s}被{penis_s}侵犯的羞辱，子宫深处却因每次摩擦传来阵阵酸麻，让她在心中又羞又痛苦。
2144,action_part_penis_in_body_6_C,0,dr_womb_position_sex&t_unconscious_flag_6&t_hypnosis_blockhead,被精神控制的{TargetName}身体僵硬如木偶，但意识清醒地感受着{penis_s}在{womb_s}内的每一次冲撞，子宫深处的快感却令她无法抗拒。
2145,action_part_penis_in_body_6_C,0,dr_womb_position_sex&t_unconscious_flag_6&t_hypnosis_blockhead,{TargetName}因控制而无法反抗，只能眼睁睁地感受{womb_s}被{penis_s}蹂躏，子宫每一次被顶到都传来强烈刺激，在心中无助地呻吟着。
2146,action_part_penis_in_body_6_C,0,dr_womb_position_sex&t_unconscious_flag_6&t_hypnosis_blockhead,无法动弹的{TargetName}清醒地感受{penis_s}在{womb_s}内肆意抽送，子宫深处传来的快感让她想呻吟却发不出声音，只能在心中羞耻地求饶。
2147,action_part_penis_in_body_6_C,0,dr_womb_position_sex&t_unconscious_flag_6&t_hypnosis_blockhead,被控制的{TargetName}身体僵直，但意识清晰地感受到{womb_s}被{penis_s}撑开填满，子宫壁敏感地记录着每一次摩擦，心中无奈地感受着难以抗拒的快感。
2148,action_part_penis_in_body_6_C,0,dr_womb_position_sex&t_unconscious_flag_6&t_hypnosis_blockhead,{TargetName}被迫保持姿势不动，但{womb_s}里{penis_s}的每一次抽动都清晰地传入意识，子宫内壁被刺激的快感让她在内心崩溃，却无法表达。
2149,action_part_penis_in_body_6_C,0,dr_womb_position_sex&t_unconscious_flag_6&t_hypnosis_blockhead,精神控制让{TargetName}无法反抗，{womb_s}被{penis_s}肆意占有，子宫深处传来的阵阵酥麻让她意识到自己的身体在背叛自己，内心充满了屈辱和无奈。
2150,action_part_penis_in_body_6_C,0,dr_womb_position_sex&t_unconscious_flag_6&t_hypnosis_active_h,被控制的{TargetName}主动扭动腰肢，让{womb_s}更深地含住{penis_s}，心中却无助地呐喊着，子宫深处传来的阵阵快感让她内心矛盾万分。
2151,action_part_penis_in_body_6_C,0,dr_womb_position_sex&t_unconscious_flag_6&t_hypnosis_active_h,{TargetName}在精神控制下主动摆动身体，让{penis_s}更深入{womb_s}，子宫内壁被摩擦的酥麻感让她既厌恶又沉迷，内心羞耻地挣扎着。
2152,action_part_penis_in_body_6_C,0,dr_womb_position_sex&t_unconscious_flag_6&t_hypnosis_active_h,被操控的{TargetName}热情地迎合着，让{penis_s}更深地顶入{womb_s}，但内心却充满羞耻和恐惧，子宫深处传来的快感让她的思维开始模糊。
2153,action_part_penis_in_body_6_C,0,dr_womb_position_sex&t_unconscious_flag_6&t_hypnosis_active_h,{TargetName}被控制着发出浪荡的呻吟，主动让{womb_s}吞吐着{penis_s}，子宫深处被撞击的快感真实难挡，内心却在羞耻地哭泣。
2154,action_part_penis_in_body_6_C,0,dr_womb_position_sex&t_unconscious_flag_6&t_hypnosis_active_h,精神控制让{TargetName}表现得淫荡不堪，主动迎合着{penis_s}对{womb_s}的侵犯，子宫每次被顶到都让她发出愉悦的呻吟，心中却极度抗拒。
2155,action_part_penis_in_body_6_C,0,dr_womb_position_sex&t_unconscious_flag_6&t_hypnosis_active_h,被控制的{TargetName}用言语引导{penis_s}更深入{womb_s}，但内心却在抗拒，子宫被填满的感觉让她不由自主地颤抖，混合着羞耻和快感。
2156,action_part_penis_in_body_6_C,0,dr_womb_position_sex&t_unconscious_flag_6&t_hypnosis_active_h,{TargetName}在控制下主动摇晃腰部，让{penis_s}在{womb_s}里搅动，子宫内壁传来的酥麻感让她同时体验着背德的罪恶感和无法抗拒的快感。
2157,action_part_penis_in_body_6_C,0,dr_womb_position_sex&t_unconscious_flag_6&t_hypnosis_active_h,精神被控的{TargetName}热情地扭动身躯，让{penis_s}能更好地侵犯{womb_s}，子宫深处的每一次撞击都让她发出甜腻的呻吟，内心却在绝望地哭喊。
2158,action_part_penis_in_body_6_C,0,dr_womb_position_sex&t_unconscious_flag_6&t_hypnosis_active_h,被控制的{TargetName}主动收缩{womb_s}，紧紧吸住{penis_s}，子宫内壁不断痉挛，身体诚实地享受着快感，但心灵却被羞耻和抗拒折磨着。
2159,action_part_penis_in_body_6_C,0,dr_womb_position_sex&t_unconscious_flag_6&t_hypnosis_active_h,{TargetName}在控制下说着下流话，主动让{womb_s}服侍{penis_s}，子宫深处的快感却是真实的，让她在羞耻与快乐的夹缝中无助地挣扎。

3000,action_part_penis_in_body_6_C,0,dr_womb_position_insert&group_sex_mode_on&CVP_A2_A|34_LE_4,{TargetName}子宫口被顶开的瞬间，她羞耻地捂住嘴不敢叫出声，身体抖得厉害，生怕其他人看到自己这副淫荡的模样。
3001,action_part_penis_in_body_6_C,0,dr_womb_position_insert&group_sex_mode_on&CVP_A2_A|34_LE_4,即使知道被其他人看着，{TargetName}的{womb_s}仍不受控制地吸吮着{penis_s}的龟头，酸麻的快感让她双腿发软，只能死死咬住嘴唇。
3002,action_part_penis_in_body_6_C,0,dr_womb_position_insert&group_sex_mode_on&CVP_A2_A|34_LE_4,{TargetName}紧张地拉过一旁的被单遮住交合处，但{penis_s}戳刺子宫口的感觉太过鲜明，使她无法抑制地颤抖着发出微弱呻吟。
3003,action_part_penis_in_body_6_C,0,dr_womb_position_insert&group_sex_mode_on&CVP_A2_A|34_LE_4,在众目睽睽之下，{TargetName}的子宫口被{penis_s}顶弄着，她羞耻得想逃却又被快感钉在原地，小腹不断痉挛着。
3004,action_part_penis_in_body_6_C,0,dr_womb_position_insert&group_sex_mode_on&CVP_A2_A|34_LE_4,{TargetName}害羞地别过头去不敢直视周围人的目光，但{penis_s}每次刮过子宫颈都让她的理智崩溃一分，双眼渐渐失焦。
3005,action_part_penis_in_body_6_C,0,dr_womb_position_insert&group_sex_mode_on&CVP_A2_A|34_LE_4,明知周围的视线让人难堪，但{TargetName}的{womb_s}却因此更加敏感，龟头每次顶入都激起一阵无法掩饰的战栗。
3006,action_part_penis_in_body_6_C,0,dr_womb_position_insert&group_sex_mode_on&CVP_A2_A|34_LE_4,{TargetName}拼命压抑着呻吟，但{penis_s}在子宫口的研磨让她双腿发抖，几乎支撑不住，眼角泛红地瞥见他人窥视的目光。
3007,action_part_penis_in_body_6_C,0,dr_womb_position_insert&group_sex_mode_on&CVP_A2_A|34_LE_4,每当{penis_s}顶开{TargetName}的子宫口时，她都羞耻得想找个地缝钻进去，却又被这种被迫暴露的快感冲击得浑身颤抖。
3008,action_part_penis_in_body_6_C,0,dr_womb_position_insert&group_sex_mode_on&CVP_A2_A|34_LE_4,{TargetName}试图用手臂遮住脸，但{penis_s}撑开子宫口的酸胀感太过强烈，让她无法抑制地发出断断续续的呜咽声。
3009,action_part_penis_in_body_6_C,0,dr_womb_position_insert&group_sex_mode_on&CVP_A2_A|34_LE_4,在其他人的注视下，{TargetName}的子宫颈被{penis_s}顶开的羞耻感与快感交织，她紧闭双眼，却无法阻止自己的腰肢微微迎合。
3010,action_part_penis_in_body_6_C,0,dr_womb_position_insert&group_sex_mode_on&CVP_A2_A|34_G_4,{TargetName}故意引导旁人的视线看向下体，挺起小腹让大家都看清楚自己的子宫口是如何被{penis_s}一点点撑开的。
3011,action_part_penis_in_body_6_C,0,dr_womb_position_insert&group_sex_mode_on&CVP_A2_A|34_G_4,在众人面前，{TargetName}放浪地大声宣告着{penis_s}顶到了她的子宫口，甚至故意抬高臀部让大家看得更清楚。
3012,action_part_penis_in_body_6_C,0,dr_womb_position_insert&group_sex_mode_on&CVP_A2_A|34_G_4,{TargetName}的{womb_s}被顶开时，她挑衅地看着其他女性，炫耀般地呻吟着，享受着别人羡慕嫉妒的眼神。
3013,action_part_penis_in_body_6_C,0,dr_womb_position_insert&group_sex_mode_on&CVP_A2_A|34_G_4,每当{penis_s}在{TargetName}子宫口研磨时，她就夸张地扭动腰肢，刻意让周围的人看清她被插入的细节和她脸上淫乱的表情。
3014,action_part_penis_in_body_6_C,0,dr_womb_position_insert&group_sex_mode_on&CVP_A2_A|34_G_4,{TargetName}扭头对其他女性详细描述着{penis_s}如何顶开她子宫颈的感觉，言语中充满了炫耀和对别人无法体验的优越感。
3015,action_part_penis_in_body_6_C,0,dr_womb_position_insert&group_sex_mode_on&CVP_A2_A|34_G_4,被{penis_s}插入子宫口的快感让{TargetName}浪叫不止，她故意捧起自己的小腹，让旁人看到那里微微凸起的形状。
3016,action_part_penis_in_body_6_C,0,dr_womb_position_insert&group_sex_mode_on&CVP_A2_A|34_G_4,{TargetName}的子宫颈随着{penis_s}的顶弄而抽搐，她放荡地张开大腿，确保每个人都能看到她淫荡的表现。
3017,action_part_penis_in_body_6_C,0,dr_womb_position_insert&group_sex_mode_on&CVP_A2_A|34_G_4,{TargetName}引导着周围人的手摸向自己的小腹，让大家感受{penis_s}在她子宫口进出时带来的颤动和快感。
3018,action_part_penis_in_body_6_C,0,dr_womb_position_insert&group_sex_mode_on&CVP_A2_A|34_G_4,在被{penis_s}顶开子宫口时，{TargetName}对着其他女性发出挑衅的眼神，故意高声呻吟着炫耀自己独特的体验。
3019,action_part_penis_in_body_6_C,0,dr_womb_position_insert&group_sex_mode_on&CVP_A2_A|34_G_4,{TargetName}抓住旁观者的手贴在自己小腹上，让他们感受{penis_s}顶开子宫口时的律动，脸上露出得意的微笑。
3020,action_part_penis_in_body_6_C,0,dr_womb_position_insert&t_npc_active_h,{TargetName}主动控制着节奏，慢慢坐下让{penis_s}刚好卡在子宫口处，她闭着眼享受着这种微妙的酸胀与快感的完美平衡。
3021,action_part_penis_in_body_6_C,0,dr_womb_position_insert&t_npc_active_h,掌握主动权的{TargetName}刻意让{penis_s}反复摩擦自己最敏感的子宫颈，每次轻微的戳刺都让她全身触电般酥麻。
3022,action_part_penis_in_body_6_C,0,dr_womb_position_insert&t_npc_active_h,{TargetName}前后摇摆着腰肢，让{penis_s}在子宫口处画着小圈，细微的刺激带来的快感比激烈抽插更让她欲罢不能。
3023,action_part_penis_in_body_6_C,0,dr_womb_position_insert&t_npc_active_h,{TargetName}骑在上方，小腹微微用力将{penis_s}挤压在自己的子宫口，享受着那种既被侵入又在掌控的矛盾快感。
3024,action_part_penis_in_body_6_C,0,dr_womb_position_insert&t_npc_active_h,{TargetName}双手撑在{Name}胸前，精确地控制着{penis_s}只进入子宫颈的深度，她的{womb_s}贪婪地吸吮着龟头前端。
3025,action_part_penis_in_body_6_C,0,dr_womb_position_insert&t_npc_active_h,掌控性爱节奏的{TargetName}故意放慢速度，让{penis_s}在子宫口处停留研磨，细细品味着这种即将被完全侵入的刺激感。
3026,action_part_penis_in_body_6_C,0,dr_womb_position_insert&t_npc_active_h,{TargetName}上下浮动着，每次都让{penis_s}恰好顶到子宫颈入口，那种酥麻的快感让她咬着嘴唇发出满足的呻吟。
3027,action_part_penis_in_body_6_C,0,dr_womb_position_insert&t_npc_active_h,{TargetName}的{womb_s}在她主动掌控的性爱中被一次次轻叩，她享受着这种对自己敏感点的精准掌控带来的强烈快感。
3028,action_part_penis_in_body_6_C,0,dr_womb_position_insert&t_npc_active_h,抓住{Name}的肩膀，{TargetName}调整角度让{penis_s}恰好顶在子宫颈上，眯着眼享受着自己掌握快感的满足感。
3029,action_part_penis_in_body_6_C,0,dr_womb_position_insert&t_npc_active_h,{TargetName}左右摇摆着臀部，让{penis_s}在子宫口周围轻轻刮蹭，这种隐秘的刺激让她发出一连串细碎的呻吟。
3030,action_part_penis_in_body_6_C,0,dr_womb_position_insert&t_imprisonment_1&CVP_A2_G_GE_-1,尽管{TargetName}绝望地挣扎着，她的子宫口还是被囚禁者身份的她无法抗拒地被{penis_s}强行顶开，眼泪不受控制地流下。
3031,action_part_penis_in_body_6_C,0,dr_womb_position_insert&t_imprisonment_1&CVP_A2_G_GE_-1,戴着镣铐的{TargetName}无力反抗，只能感受着{penis_s}一次次撞击她最隐私的子宫口，每次顶入都伴随着她痛苦的呜咽。
3032,action_part_penis_in_body_6_C,0,dr_womb_position_insert&t_imprisonment_1&CVP_A2_G_GE_-1,{TargetName}绝望地摇着头，但{penis_s}仍无情地顶开了她的子宫颈，那种被强行占有最深处的屈辱感让她全身发抖。
3033,action_part_penis_in_body_6_C,0,dr_womb_position_insert&t_imprisonment_1&CVP_A2_G_GE_-1,被囚禁的{TargetName}咬牙忍受着{penis_s}对她子宫口的侵犯，内心的抵抗与身体被迫感受的快感形成痛苦的矛盾。
3034,action_part_penis_in_body_6_C,0,dr_womb_position_insert&t_imprisonment_1&CVP_A2_G_GE_-1,{TargetName}的{womb_s}在被{penis_s}顶入时痉挛着，她厌恶这种被迫的快感，眼中满是屈辱和恨意。
3035,action_part_penis_in_body_6_C,0,dr_womb_position_insert&t_imprisonment_1&CVP_A2_G_GE_-1,锁链限制了{TargetName}的挣扎，她只能被迫承受{penis_s}在子宫口的每一次残忍戳刺，眼神中流露出深深的绝望。
3036,action_part_penis_in_body_6_C,0,dr_womb_position_insert&t_imprisonment_1&CVP_A2_G_GE_-1,尽管{TargetName}竭力抗拒，她的子宫颈还是被{penis_s}无情地顶开，这种最私密处被侵犯的耻辱让她低声啜泣。
3037,action_part_penis_in_body_6_C,0,dr_womb_position_insert&t_imprisonment_1&CVP_A2_G_GE_-1,被强制打开的子宫口让{TargetName}感到一阵阵屈辱的酸麻，她怨恨自己无力反抗，只能任{penis_s}肆意侵犯。
3038,action_part_penis_in_body_6_C,0,dr_womb_position_insert&t_imprisonment_1&CVP_A2_G_GE_-1,{TargetName}的泪水模糊了视线，{penis_s}顶开子宫口的痛苦与快感交织，让她对自己背叛意志的身体感到无比羞耻。
3039,action_part_penis_in_body_6_C,0,dr_womb_position_insert&t_imprisonment_1&CVP_A2_G_GE_-1,子宫口被强行撑开的疼痛让{TargetName}倒吸冷气，她无力地扭动身体想要躲避，却只能被迫接受{penis_s}的侵犯。
3040,action_part_penis_in_body_6_C,0,dr_womb_position_insert&t_imprisonment_1&CVP_A2_G_L_-1&CVP_A2_G_GE_-3,{TargetName}已经放弃挣扎，麻木地感受着{penis_s}一次次顶开她的子宫口，那里早已习惯了这种侵入。
3041,action_part_penis_in_body_6_C,0,dr_womb_position_insert&t_imprisonment_1&CVP_A2_G_L_-1&CVP_A2_G_GE_-3,长期监禁让{TargetName}的反抗意志消退，当{penis_s}撑开子宫颈时，她只是空洞地呻吟着，眼神逐渐失去光彩。
3042,action_part_penis_in_body_6_C,0,dr_womb_position_insert&t_imprisonment_1&CVP_A2_G_L_-1&CVP_A2_G_GE_-3,子宫口被{penis_s}顶入已成为{TargetName}日常的一部分，她不再反抗，只是默默承受着这种既屈辱又开始习惯的侵犯。
3043,action_part_penis_in_body_6_C,0,dr_womb_position_insert&t_imprisonment_1&CVP_A2_G_L_-1&CVP_A2_G_GE_-3,{TargetName}的{womb_s}在被顶开时微微抽搐，这种反应已经不再是抗拒，而是长期调教下形成的条件反射。
3044,action_part_penis_in_body_6_C,0,dr_womb_position_insert&t_imprisonment_1&CVP_A2_G_L_-1&CVP_A2_G_GE_-3,戴着镣铐的{TargetName}认命地接受着{penis_s}对她子宫口的占有，那种无力改变的顺从已经刻入她的骨髓。
3045,action_part_penis_in_body_6_C,0,dr_womb_position_insert&t_imprisonment_1&CVP_A2_G_L_-1&CVP_A2_G_GE_-3,子宫颈被{penis_s}顶开时，{TargetName}不由自主地发出了呻吟，随即羞愧地闭上眼，无法面对自己已经开始习惯的事实。
3046,action_part_penis_in_body_6_C,0,dr_womb_position_insert&t_imprisonment_1&CVP_A2_G_L_-1&CVP_A2_G_GE_-3,{TargetName}的子宫口在长期的使用下变得敏感，即使她内心仍有一丝抵抗，身体却已诚实地回应着{penis_s}的入侵。
3047,action_part_penis_in_body_6_C,0,dr_womb_position_insert&t_imprisonment_1&CVP_A2_G_L_-1&CVP_A2_G_GE_-3,{TargetName}机械地配合着动作，让{penis_s}更容易顶开她的子宫口，内心的抵抗被日复一日的现实消磨殆尽。
3048,action_part_penis_in_body_6_C,0,dr_womb_position_insert&t_imprisonment_1&CVP_A2_G_L_-1&CVP_A2_G_GE_-3,当{penis_s}再次撑开子宫颈时，{TargetName}只是轻叹一声，眼神中的绝望已被一种空洞的接受所取代。
3049,action_part_penis_in_body_6_C,0,dr_womb_position_insert&t_imprisonment_1&CVP_A2_G_L_-1&CVP_A2_G_GE_-3,{TargetName}的身体已经记住了被侵犯的感觉，子宫口在{penis_s}靠近时甚至条件反射般地微微张开，这让她感到深深的自我厌恶。
3050,action_part_penis_in_body_6_C,0,dr_womb_position_insert&t_imprisonment_1&CVP_A2_G_L_-3,{TargetName}露出崇拜的眼神，感激地呻吟着感谢主人{penis_s}对她子宫口的恩赐，渴望被更深入地占有和使用。
3051,action_part_penis_in_body_6_C,0,dr_womb_position_insert&t_imprisonment_1&CVP_A2_G_L_-3,被囚禁的{TargetName}已彻底驯服，她的{womb_s}在{penis_s}顶入时激动地痉挛着，这是她作为性奴最大的荣幸。
3052,action_part_penis_in_body_6_C,0,dr_womb_position_insert&t_imprisonment_1&CVP_A2_G_L_-3,{TargetName}主动挺起小腹迎合着{penis_s}的入侵，祈求着龟头能更用力地撑开她的子宫颈，给予她存在的意义。
3053,action_part_penis_in_body_6_C,0,dr_womb_position_insert&t_imprisonment_1&CVP_A2_G_L_-3,尽管戴着镣铐，{TargetName}仍竭力迎合着，期待{penis_s}能在她子宫口留下专属印记，彻底标记她的所有权。
3054,action_part_penis_in_body_6_C,0,dr_womb_position_insert&t_imprisonment_1&CVP_A2_G_L_-3,{TargetName}恳求主人更用力地顶弄她的子宫口，那是她作为肉便器唯一的价值所在，也是她最大的荣耀。
3055,action_part_penis_in_body_6_C,0,dr_womb_position_insert&t_imprisonment_1&CVP_A2_G_L_-3,完全臣服的{TargetName}低声念着感谢词，因为{penis_s}赐予她子宫口的每一次摩擦都是主人恩赐的快乐。
3056,action_part_penis_in_body_6_C,0,dr_womb_position_insert&t_imprisonment_1&CVP_A2_G_L_-3,{TargetName}的子宫颈在长期训练下已能完美接纳{penis_s}，她骄傲地展示着自己被驯服的身体，渴望得到更多使用。
3057,action_part_penis_in_body_6_C,0,dr_womb_position_insert&t_imprisonment_1&CVP_A2_G_L_-3,被囚禁的{TargetName}感恩戴德地接受着{penis_s}对子宫口的每一次顶弄，虔诚地祈求主人能赐予更强烈的侵犯。
3058,action_part_penis_in_body_6_C,0,dr_womb_position_insert&t_imprisonment_1&CVP_A2_G_L_-3,{TargetName}忠诚地用{womb_s}服侍着{penis_s}，子宫口被顶开的快感是她唯一追求的意义，也是她存在的全部价值。
3059,action_part_penis_in_body_6_C,0,dr_womb_position_insert&t_imprisonment_1&CVP_A2_G_L_-3,{TargetName}满足地体验着{penis_s}撑开子宫口的感觉，这是主人给予她的最高奖励，证明她是一个优秀的性奴。
3060,action_part_penis_in_body_6_C,0,dr_womb_position_insert&h_in_love_hotel,爱情旅馆大床上的{TargetName}在镜面天花板的倒影中清晰地看到自己被{penis_s}顶开子宫口的淫靡画面，快感倍增。
3061,action_part_penis_in_body_6_C,0,dr_womb_position_insert&h_in_love_hotel,爱情旅馆暧昧的红灯照耀下，{TargetName}的子宫颈被{penis_s}一次次顶开，那种隐私被完全暴露的感觉让她兴奋得发抖。
3062,action_part_penis_in_body_6_C,0,dr_womb_position_insert&h_in_love_hotel,特制的心形床随着动作摇晃，{TargetName}的{womb_s}在{penis_s}的顶弄下痉挛，旅馆的情趣氛围让这种感觉格外强烈。
3063,action_part_penis_in_body_6_C,0,dr_womb_position_insert&h_in_love_hotel,{TargetName}的子宫口被{penis_s}不断顶弄着，旅馆房间的情趣装饰和暧昧气氛让她比平时更加敏感，呻吟声也更加放荡。
3064,action_part_penis_in_body_6_C,0,dr_womb_position_insert&h_in_love_hotel,爱情旅馆的环绕音响播放着煽情音乐，让{TargetName}的子宫颈随着节奏被{penis_s}顶开，每一次都激起全身的战栗。
3065,action_part_penis_in_body_6_C,0,dr_womb_position_insert&h_in_love_hotel,爱情旅馆厚实的隔音墙让{TargetName}放开了喉咙浪叫，她的子宫口在{penis_s}的撞击下酥麻不已，无需顾忌外人的眼光。
3066,action_part_penis_in_body_6_C,0,dr_womb_position_insert&h_in_love_hotel,旅馆墙上的大镜子反射着{TargetName}被{penis_s}顶开子宫口时淫荡的表情，这种视觉刺激让她的快感成倍增长。
3067,action_part_penis_in_body_6_C,0,dr_womb_position_insert&h_in_love_hotel,{TargetName}的子宫口在{penis_s}的顶弄下痉挛着，旅馆特有的私密氛围让她放下平日的矜持，完全沉浸在性爱中。
3068,action_part_penis_in_body_6_C,0,dr_womb_position_insert&h_in_love_hotel,旅馆柔软的大床完美承托着{TargetName}的身体，让{penis_s}每次都能精准顶到她的子宫口，酥麻的快感一波波涌来。
3069,action_part_penis_in_body_6_C,0,dr_womb_position_insert&h_in_love_hotel,昏暗的情调灯光下，{TargetName}的子宫颈被{penis_s}一次次撑开，旅馆独特的气氛让这种侵入感比平时更加刺激和禁忌。
3070,action_part_penis_in_body_6_C,0,dr_womb_position_insert&h_in_bathroom,浴室的蒸汽让{TargetName}全身泛红，湿滑的环境中她的子宫口被{penis_s}顶开，水流和体液混合的湿润感让快感更加强烈。
3071,action_part_penis_in_body_6_C,0,dr_womb_position_insert&h_in_bathroom,热水从花洒喷洒在交合处，{TargetName}的子宫颈被{penis_s}不断顶弄，水流的冲击和龟头的摩擦双重刺激让她浑身发软。
3072,action_part_penis_in_body_6_C,0,dr_womb_position_insert&h_in_bathroom,浴室里的回音放大了{TargetName}的呻吟声，{penis_s}在她子宫口的每一次撞击都伴随着水声，形成淫靡的交响乐。
3073,action_part_penis_in_body_6_C,0,dr_womb_position_insert&h_in_bathroom,湿滑的浴室环境让{TargetName}不得不紧紧抓住{Name}，这让{penis_s}更深地顶入她的子宫口，带来一阵阵令人腿软的快感。
3074,action_part_penis_in_body_6_C,0,dr_womb_position_insert&h_in_bathroom,浴缸中的水随着动作不断晃动，{TargetName}的{womb_s}被{penis_s}顶开的同时，温热的水也涌入她的下体，带来双重刺激。
3075,action_part_penis_in_body_6_C,0,dr_womb_position_insert&h_in_bathroom,雾气朦胧的镜子中，{TargetName}看到自己被{penis_s}顶弄子宫口时的淫荡表情，蒸汽和快感让她全身泛红，眼神迷离。
3076,action_part_penis_in_body_6_C,0,dr_womb_position_insert&h_in_bathroom,湿滑的瓷砖墙面让{TargetName}不得不将全身重量交给{Name}，{penis_s}趁机更深地顶入她的子宫口，让她尖叫连连。
3077,action_part_penis_in_body_6_C,0,dr_womb_position_insert&h_in_bathroom,浴室中的温热潮湿让{TargetName}的身体更加敏感，{penis_s}每次微小的顶弄都让她的子宫颈剧烈收缩，快感倍增。
3078,action_part_penis_in_body_6_C,0,dr_womb_position_insert&h_in_bathroom,沐浴露的泡沫在两人交合处形成润滑，{TargetName}的子宫口被{penis_s}轻松顶开，湿滑的触感让这种侵入格外顺畅而强烈。
3079,action_part_penis_in_body_6_C,0,dr_womb_position_insert&h_in_bathroom,浴室的封闭空间让{TargetName}的呻吟声显得格外响亮，{penis_s}每次撑开她子宫口的快感都被空间回音放大，无处可逃。

3080,action_part_penis_in_body_6_C,0,dr_womb_position_sex&group_sex_mode_on&CVP_A2_A|34_LE_4,在众目睽睽下，{TargetName}感到{womb_s}被{penis_s}完全占据，羞耻感让她忍不住咬住嘴唇，小腹明显地凸起，却害羞地用手试图遮挡。
3081,action_part_penis_in_body_6_C,0,dr_womb_position_sex&group_sex_mode_on&CVP_A2_A|34_LE_4,{TargetName}的{womb_s}被撑得满满当当，她能感觉到在场所有人的目光，让她既羞耻又兴奋，却只能把脸埋在手臂中，不敢看任何人。
3082,action_part_penis_in_body_6_C,0,dr_womb_position_sex&group_sex_mode_on&CVP_A2_A|34_LE_4,{womb_s}深处被{penis_s}反复碾磨，{TargetName}羞得满脸通红，拼命压抑呻吟，却在其他女性的注视下不断颤抖，小腹随着抽插明显变形。
3083,action_part_penis_in_body_6_C,0,dr_womb_position_sex&group_sex_mode_on&CVP_A2_A|34_LE_4,每次{penis_s}顶到{womb_s}最深处，{TargetName}都会因强烈快感而抽搐，却在众人面前死死咬住被单，羞耻得想找个地方藏起来。
3084,action_part_penis_in_body_6_C,0,dr_womb_position_sex&group_sex_mode_on&CVP_A2_A|34_LE_4,{TargetName}的{womb_s}痉挛着绞紧{penis_s}，她却羞耻地闭紧双眼，不敢看周围女性的表情，身体却不由自主地随着深入的撞击一颤一颤。
3085,action_part_penis_in_body_6_C,0,dr_womb_position_sex&group_sex_mode_on&CVP_A2_A|34_LE_4,{penis_s}把{womb_s}塞得满满的，{TargetName}努力掩饰自己的表情，却在一次深顶下控制不住呻吟出声，立刻羞耻地用手捂住了嘴。
3086,action_part_penis_in_body_6_C,0,dr_womb_position_sex&group_sex_mode_on&CVP_A2_A|34_LE_4,在其他女性的视线中，{TargetName}的{womb_s}被{penis_s}反复进犯，她浑身发烫，羞耻得想钻进地缝，却又控制不住子宫深处涌起的快感。
3087,action_part_penis_in_body_6_C,0,dr_womb_position_sex&group_sex_mode_on&CVP_A2_A|34_LE_4,{TargetName}能感到{penis_s}在{womb_s}里搅动的每一下，她紧咬嘴唇不敢出声，却因众人的目光而下身绞得更紧，淫液止不住地流出。
3088,action_part_penis_in_body_6_C,0,dr_womb_position_sex&group_sex_mode_on&CVP_A2_A|34_LE_4,{womb_s}深处被{penis_s}顶得酸麻不已，{TargetName}羞耻地低声啜泣，知道自己腹部的凸起和抽搐已经暴露了一切，却无法控制身体的反应。
3089,action_part_penis_in_body_6_C,0,dr_womb_position_sex&group_sex_mode_on&CVP_A2_A|34_LE_4,在众人注视下，{TargetName}的{womb_s}被{penis_s}彻底征服，她羞耻万分，用手臂遮住脸，却无法阻止自己因子宫高潮而全身痉挛的淫乱模样。
3090,action_part_penis_in_body_6_C,0,dr_womb_position_sex&group_sex_mode_on&CVP_A2_A|34_G_4,{TargetName}的{womb_s}被{penis_s}完全填满，她故意夸张地呻吟着，挺起小腹让其他女性清晰看到那明显的凸起，享受被众人注视的快感。
3091,action_part_penis_in_body_6_C,0,dr_womb_position_sex&group_sex_mode_on&CVP_A2_A|34_G_4,每当{penis_s}深入{womb_s}时，{TargetName}都会扭动腰肢，故意让自己的高潮表情面向其他女性，炫耀般地展示自己被子宫内射的特权。
3092,action_part_penis_in_body_6_C,0,dr_womb_position_sex&group_sex_mode_on&CVP_A2_A|34_G_4,{TargetName}的{womb_s}剧烈收缩着，她挑逗地看向其他女性，高声宣告着{penis_s}顶到了最深处，满脸都是淫荡的得意。
3093,action_part_penis_in_body_6_C,0,dr_womb_position_sex&group_sex_mode_on&CVP_A2_A|34_G_4,{penis_s}在{womb_s}内旋转搅动，{TargetName}放浪地叫着，故意将双腿张得更开，让所有人都能清晰看到她被插入子宫的淫荡样子。
3094,action_part_penis_in_body_6_C,0,dr_womb_position_sex&group_sex_mode_on&CVP_A2_A|34_G_4,{womb_s}里的{penis_s}每动一下，{TargetName}就会夸张地尖叫一声，还不忘向周围女性投去挑衅的眼神，炫耀自己的子宫被独占的快感。
3095,action_part_penis_in_body_6_C,0,dr_womb_position_sex&group_sex_mode_on&CVP_A2_A|34_G_4,{TargetName}放荡地引导观众注意自己的小腹，那里随着{penis_s}在{womb_s}内的抽动而明显凸起，她骄傲地展示着这淫乱的景象。
3096,action_part_penis_in_body_6_C,0,dr_womb_position_sex&group_sex_mode_on&CVP_A2_A|34_G_4,{penis_s}撑开{womb_s}的每一寸褶皱，{TargetName}享受众人嫉妒的目光，主动抚摸自己凸起的小腹，放浪地喊着下流话。
3097,action_part_penis_in_body_6_C,0,dr_womb_position_sex&group_sex_mode_on&CVP_A2_A|34_G_4,{TargetName}的{womb_s}被{penis_s}撞击得一阵阵痉挛，她不但不掩饰，反而大声呻吟着邀请其他女性靠近观看，炫耀自己子宫被填满的淫荡表情。
3098,action_part_penis_in_body_6_C,0,dr_womb_position_sex&group_sex_mode_on&CVP_A2_A|34_G_4,伴随{penis_s}在{womb_s}深处的每次抽动，{TargetName}都会发出浪叫，还刻意转动身体让所有人都能看到自己被干到子宫的放荡样子。
3099,action_part_penis_in_body_6_C,0,dr_womb_position_sex&group_sex_mode_on&CVP_A2_A|34_G_4,{womb_s}被{penis_s}粗暴蹂躏着，{TargetName}却喜欢在众人面前展示自己的淫态，甚至抓住其他女性的手感受自己小腹的凸起，炫耀子宫性交的快感。
3100,action_part_penis_in_body_6_C,0,dr_womb_position_sex&t_npc_active_h,{TargetName}主动掌控节奏，用{womb_s}吞吐着{penis_s}，她扭动腰肢让每一寸子宫内壁都能感受到阴茎的形状，喘息中满是掌控快感。
3101,action_part_penis_in_body_6_C,0,dr_womb_position_sex&t_npc_active_h,骑在{Name}身上的{TargetName}控制着{penis_s}在{womb_s}内的角度，让它顶到自己最敏感的那点，子宫深处酸麻的快感让她仰头呻吟。
3102,action_part_penis_in_body_6_C,0,dr_womb_position_sex&t_npc_active_h,{TargetName}自己掌握着节奏，让{womb_s}一次次主动吞下{penis_s}，每次都确保龟头能撞击到子宫最深处，快感让她浑身颤抖。
3103,action_part_penis_in_body_6_C,0,dr_womb_position_sex&t_npc_active_h,{womb_s}紧紧包裹着{penis_s}，{TargetName}享受着主导权，有节奏地收缩子宫肌肉，榨取着龟头传来的每一滴液体，满脸都是掌控的快感。
3104,action_part_penis_in_body_6_C,0,dr_womb_position_sex&t_npc_active_h,{TargetName}的{womb_s}主动吮吸着{penis_s}，她摆动腰肢让阴茎在子宫内旋转摩擦，享受着每一寸内壁被刺激的酥麻感。
3105,action_part_penis_in_body_6_C,0,dr_womb_position_sex&t_npc_active_h,当{penis_s}完全插入{womb_s}时，{TargetName}刻意停下动作，享受被撑满的充实感，然后再主动扭动腰肢，让子宫内壁挤压吮吸着龟头。
3106,action_part_penis_in_body_6_C,0,dr_womb_position_sex&t_npc_active_h,{TargetName}控制着{penis_s}在{womb_s}内的位置，忽深忽浅，时而让龟头轻刮子宫壁，时而又让整根阴茎撞击子宫底部，快感完全由她掌控。
3107,action_part_penis_in_body_6_C,0,dr_womb_position_sex&t_npc_active_h,{womb_s}被{penis_s}深深贯穿，{TargetName}掌握主动，用子宫内壁的肌肉有技巧地挤压着阴茎，自己操控着高潮的节奏。
3108,action_part_penis_in_body_6_C,0,dr_womb_position_sex&t_npc_active_h,{TargetName}的{womb_s}熟练地套弄着{penis_s}，她闭上眼睛专注于寻找最能刺激自己子宫的角度，快感积累让她的表情既痛苦又愉悦。
3109,action_part_penis_in_body_6_C,0,dr_womb_position_sex&t_npc_active_h,{penis_s}被{TargetName}的{womb_s}完全包裹，她控制着抽送的力度和频率，让子宫内的每次摩擦都能带来最强烈的快感，表情享受得近乎痴态。
3110,action_part_penis_in_body_6_C,0,dr_womb_position_sex&t_imprisonment_1&CVP_A2_G_GE_-1,被锁链束缚的{TargetName}无力抵抗，{womb_s}被{penis_s}残忍地撑开，她眼中充满恨意，却在子宫被彻底占据时无法抑制地颤抖。
3111,action_part_penis_in_body_6_C,0,dr_womb_position_sex&t_imprisonment_1&CVP_A2_G_GE_-1,{TargetName}的{womb_s}被迫接纳了{penis_s}的全部，她咬牙低声咒骂着，眼泪却因子宫被粗暴侵犯的痛苦和羞辱不断流下。
3112,action_part_penis_in_body_6_C,0,dr_womb_position_sex&t_imprisonment_1&CVP_A2_G_GE_-1,监禁中的{TargetName}厌恶地试图抗拒，但{womb_s}却被{penis_s}完全侵占，每一次抽动都让她在痛苦中夹杂着身体本能的快感而憎恨自己。
3113,action_part_penis_in_body_6_C,0,dr_womb_position_sex&t_imprisonment_1&CVP_A2_G_GE_-1,{penis_s}在{womb_s}内无情地搅动，被囚禁的{TargetName}绝望地闭上眼睛，却无法阻止子宫因刺激而痉挛，内心充满屈辱。
3114,action_part_penis_in_body_6_C,0,dr_womb_position_sex&t_imprisonment_1&CVP_A2_G_GE_-1,{TargetName}的{womb_s}被强行撑开，任凭{penis_s}蹂躏，她屈辱地呜咽着，却在子宫深处反复摩擦下身体背叛了意志。
3115,action_part_penis_in_body_6_C,0,dr_womb_position_sex&t_imprisonment_1&CVP_A2_G_GE_-1,监禁下的{TargetName}带着镣铐无法逃脱，{womb_s}被{penis_s}反复侵犯，她满脸泪痕和屈辱，却无法控制子宫本能的收缩。
3116,action_part_penis_in_body_6_C,0,dr_womb_position_sex&t_imprisonment_1&CVP_A2_G_GE_-1,{womb_s}被{penis_s}毫不留情地插入最深处，{TargetName}绝望地挣扎着锁链，却只能任由自己最隐私的器官被玩弄，眼中尽是怒火。
3117,action_part_penis_in_body_6_C,0,dr_womb_position_sex&t_imprisonment_1&CVP_A2_G_GE_-1,{penis_s}占据了{womb_s}的每一寸空间，被囚禁的{TargetName}憎恨地扭过头去，却因子宫被彻底填满而不受控制地痉挛抽搐。
3118,action_part_penis_in_body_6_C,0,dr_womb_position_sex&t_imprisonment_1&CVP_A2_G_GE_-1,{TargetName}的{womb_s}在{penis_s}的侵犯下无助地颤抖，她愤恨地咬着嘴唇，却无法阻止自己因强烈刺激而逐渐湿润的下体。
3119,action_part_penis_in_body_6_C,0,dr_womb_position_sex&t_imprisonment_1&CVP_A2_G_GE_-1,监禁使{TargetName}无处可逃，{womb_s}被迫完全接纳{penis_s}，她压抑的呻吟中混合着咒骂，子宫却背叛意志绞紧了入侵者。
3120,action_part_penis_in_body_6_C,0,dr_womb_position_sex&t_imprisonment_1&CVP_A2_G_L_-1&CVP_A2_G_GE_-3,{TargetName}的{womb_s}已经习惯了{penis_s}的形状，她不再强烈反抗，只是麻木地接受着子宫被完全占据的现实，身体却仍有反应。
3121,action_part_penis_in_body_6_C,0,dr_womb_position_sex&t_imprisonment_1&CVP_A2_G_L_-1&CVP_A2_G_GE_-3,长期监禁让{TargetName}的反抗意志逐渐消失，{womb_s}被{penis_s}填满时，她只是轻叹一声，却无法控制子宫内壁主动裹紧的本能。
3122,action_part_penis_in_body_6_C,0,dr_womb_position_sex&t_imprisonment_1&CVP_A2_G_L_-1&CVP_A2_G_GE_-3,{penis_s}在{womb_s}深处肆意妄为，{TargetName}已经放弃抵抗，眼神空洞，子宫却违背意愿地绞紧，身体已经屈服于快感。
3123,action_part_penis_in_body_6_C,0,dr_womb_position_sex&t_imprisonment_1&CVP_A2_G_L_-1&CVP_A2_G_GE_-3,{womb_s}被{penis_s}撑满的感觉已成为{TargetName}监禁生活的一部分，她不再挣扎，只是呆滞地承受，偶尔因快感而闭上眼睛。
3124,action_part_penis_in_body_6_C,0,dr_womb_position_sex&t_imprisonment_1&CVP_A2_G_L_-1&CVP_A2_G_GE_-3,被囚禁的{TargetName}机械地接受着{penis_s}对{womb_s}的侵犯，心已麻木，但子宫深处被顶弄时，仍会不自觉地颤抖。
3125,action_part_penis_in_body_6_C,0,dr_womb_position_sex&t_imprisonment_1&CVP_A2_G_L_-1&CVP_A2_G_GE_-3,{TargetName}不再反抗{penis_s}在{womb_s}的肆虐，她只是默默承受着，眼神复杂，身体已学会从这种侵犯中获取快感。
3126,action_part_penis_in_body_6_C,0,dr_womb_position_sex&t_imprisonment_1&CVP_A2_G_L_-1&CVP_A2_G_GE_-3,长久的调教让{TargetName}的{womb_s}变得敏感，{penis_s}的每次撞击都能让她无法控制地呻吟，内心挣扎着最后的尊严。
3127,action_part_penis_in_body_6_C,0,dr_womb_position_sex&t_imprisonment_1&CVP_A2_G_L_-1&CVP_A2_G_GE_-3,{penis_s}撑满{womb_s}的感觉既熟悉又屈辱，{TargetName}闭上眼睛接受现实，子宫却违背意志主动迎合着入侵者。
3128,action_part_penis_in_body_6_C,0,dr_womb_position_sex&t_imprisonment_1&CVP_A2_G_L_-1&CVP_A2_G_GE_-3,{TargetName}已经学会在{penis_s}侵入{womb_s}时放松身体，减少痛苦，她的眼神复杂，却无法否认子宫深处涌起的阵阵快感。
3129,action_part_penis_in_body_6_C,0,dr_womb_position_sex&t_imprisonment_1&CVP_A2_G_L_-1&CVP_A2_G_GE_-3,监禁的日子让{TargetName}渐渐习惯了{womb_s}被{penis_s}填满的感觉，她不再挣扎，偶尔还会因深处的顶弄而轻声呻吟。
3130,action_part_penis_in_body_6_C,0,dr_womb_position_sex&t_imprisonment_1&CVP_A2_G_L_-3,{TargetName}的{womb_s}贪婪地吮吸着{penis_s}，她感谢主人的恩赐，眼中充满崇拜，主动收缩子宫讨好着深入体内的肉棒。
3131,action_part_penis_in_body_6_C,0,dr_womb_position_sex&t_imprisonment_1&CVP_A2_G_L_-3,彻底驯服的{TargetName}感谢{penis_s}对{womb_s}的占有，她虔诚地扭动腰肢让主人的肉棒能更深入子宫，满脸都是被征服的喜悦。
3132,action_part_penis_in_body_6_C,0,dr_womb_position_sex&t_imprisonment_1&CVP_A2_G_L_-3,{womb_s}完全向{penis_s}敞开，{TargetName}感恩地低声啜泣，感谢主人愿意用肉棒贯穿她的子宫，带给她最高级的快乐。
3133,action_part_penis_in_body_6_C,0,dr_womb_position_sex&t_imprisonment_1&CVP_A2_G_L_-3,即使带着锁链，{TargetName}也努力迎合着{penis_s}在{womb_s}的抽插，感谢主人的宠幸，渴望子宫能取悦主人的每一寸。
3134,action_part_penis_in_body_6_C,0,dr_womb_position_sex&t_imprisonment_1&CVP_A2_G_L_-3,监禁中的{TargetName}已完全臣服，{womb_s}被{penis_s}撑开时她露出幸福的表情，感谢主人选择她的子宫作为精液的容器。
3135,action_part_penis_in_body_6_C,0,dr_womb_position_sex&t_imprisonment_1&CVP_A2_G_L_-3,{TargetName}引以为傲的是{womb_s}能完全容纳{penis_s}，她虔诚地收缩子宫肌肉讨好主人，祈求更多的蹂躏和宠爱。
3136,action_part_penis_in_body_6_C,0,dr_womb_position_sex&t_imprisonment_1&CVP_A2_G_L_-3,{penis_s}在{womb_s}内的每一下抽动都让{TargetName}喜悦万分，她感谢锁链让自己能专心服侍主人，子宫成为专属的性玩具。
3137,action_part_penis_in_body_6_C,0,dr_womb_position_sex&t_imprisonment_1&CVP_A2_G_L_-3,完全驯服的{TargetName}将{womb_s}视为{penis_s}的容器，她虔诚地感谢主人的恩典，希望自己子宫的颤抖能取悦主人。
3138,action_part_penis_in_body_6_C,0,dr_womb_position_sex&t_imprisonment_1&CVP_A2_G_L_-3,{TargetName}的{womb_s}痉挛着绞紧{penis_s}，她感谢主人的调教让自己成为完美的肉便器，子宫在极度快感中彻底崩坏。
3139,action_part_penis_in_body_6_C,0,dr_womb_position_sex&t_imprisonment_1&CVP_A2_G_L_-3,监禁让{TargetName}明白了{womb_s}的唯一价值就是服务{penis_s}，她感激涕零地接受子宫被彻底征服，甘愿永远做主人的性奴。
3140,action_part_penis_in_body_6_C,0,dr_womb_position_sex&h_in_love_hotel,在爱情旅馆柔软大床上，{TargetName}的{womb_s}被{penis_s}完全撑开，墙上的镜子映照出她小腹的凸起，让她既羞耻又兴奋。
3141,action_part_penis_in_body_6_C,0,dr_womb_position_sex&h_in_love_hotel,爱情旅馆暧昧的红光下，{womb_s}被{penis_s}深深贯穿的感觉更加强烈，{TargetName}看着天花板的镜子中自己淫荡的模样，快感倍增。
3142,action_part_penis_in_body_6_C,0,dr_womb_position_sex&h_in_love_hotel,{penis_s}在{womb_s}内的每一次搅动都被旅馆的环绕音响系统放大，{TargetName}听着淫靡的水声和自己的呻吟，羞耻得浑身发烫。
3143,action_part_penis_in_body_6_C,0,dr_womb_position_sex&h_in_love_hotel,旅馆特制的圆床随着{penis_s}在{womb_s}内的抽插而轻微摇晃，{TargetName}感到天旋地转，子宫深处的快感如潮水般涌来。
3144,action_part_penis_in_body_6_C,0,dr_womb_position_sex&h_in_love_hotel,{TargetName}的{womb_s}在昏暗的房间氛围中变得更加敏感，{penis_s}的每次顶弄都带来极致快感，让她在陌生环境中放浪地尖叫。
3145,action_part_penis_in_body_6_C,0,dr_womb_position_sex&h_in_love_hotel,旅馆房间的灯光随着{penis_s}在{womb_s}内的律动而变换颜色，{TargetName}恍惚中感到子宫深处的快感也在跟随着变幻。
3146,action_part_penis_in_body_6_C,0,dr_womb_position_sex&h_in_love_hotel,{womb_s}被{penis_s}撑满时，爱情旅馆的按摩床垫也恰到好处地振动起来，{TargetName}被夹击在双重刺激中，子宫不受控制地痉挛。
3147,action_part_penis_in_body_6_C,0,dr_womb_position_sex&h_in_love_hotel,陌生旅馆的刺激让{TargetName}的{womb_s}对{penis_s}的侵犯更加敏感，她咬着旅馆的枕头，淫水浸湿了特制的防水床单。
3148,action_part_penis_in_body_6_C,0,dr_womb_position_sex&h_in_love_hotel,{penis_s}深入{womb_s}的同时，旅馆墙上的情趣影片也放映着相似的场景，{TargetName}羞耻地发现自己比片中女主更加淫荡。
3149,action_part_penis_in_body_6_C,0,dr_womb_position_sex&h_in_love_hotel,在爱情旅馆的私密空间里，{TargetName}完全放开了自己，任由{womb_s}被{penis_s}肆意蹂躏，子宫高潮的呻吟回荡在整个房间。
3150,action_part_penis_in_body_6_C,0,dr_womb_position_sex&h_in_bathroom,热水从花洒喷洒而下，{TargetName}的{womb_s}在湿滑环境中被{penis_s}完全撑开，水汽和情欲一起让她浑身发烫。
3151,action_part_penis_in_body_6_C,0,dr_womb_position_sex&h_in_bathroom,在浴室湿润的空气中，{womb_s}被{penis_s}贯穿的感觉更加鲜明，{TargetName}全身湿漉漉地贴在瓷砖上，子宫深处痉挛不止。
3152,action_part_penis_in_body_6_C,0,dr_womb_position_sex&h_in_bathroom,{penis_s}在湿滑的环境中更容易滑入{womb_s}最深处，{TargetName}双腿发软，只能靠浴室墙壁支撑，享受着混合着热水的深入操干。
3153,action_part_penis_in_body_6_C,0,dr_womb_position_sex&h_in_bathroom,浴室里的蒸汽让{TargetName}全身毛孔舒张，{womb_s}也变得更加敏感，{penis_s}的每一下顶弄都带来翻倍的快感，让她呻吟不止。
3154,action_part_penis_in_body_6_C,0,dr_womb_position_sex&h_in_bathroom,{TargetName}的{womb_s}在浴缸中被{penis_s}顶弄，水随着动作四溢，温暖的水流不时涌入交合处，带来额外的刺激感。
3155,action_part_penis_in_body_6_C,0,dr_womb_position_sex&h_in_bathroom,沾满泡沫的{penis_s}在{womb_s}内抽插，滑腻的感觉让{TargetName}浑身酥软，浴室回音放大了她的每一声呻吟和子宫被撑开的水声。
3156,action_part_penis_in_body_6_C,0,dr_womb_position_sex&h_in_bathroom,热气腾腾的浴室里，{womb_s}被{penis_s}塞得满满当当，{TargetName}全身湿透，分不清是汗水还是水蒸气，子宫却在高温中更加敏感。
3157,action_part_penis_in_body_6_C,0,dr_womb_position_sex&h_in_bathroom,{TargetName}趴在湿滑的浴室地面上，{womb_s}被{penis_s}从后方深深贯穿，四溅的水花和淫水混合在一起，快感从子宫扩散至全身。
3158,action_part_penis_in_body_6_C,0,dr_womb_position_sex&h_in_bathroom,{penis_s}在浴室中进出{womb_s}的水声异常清晰，{TargetName}羞耻极了，却因这淫靡的声音而子宫收缩更加剧烈，快感加倍。
3159,action_part_penis_in_body_6_C,0,dr_womb_position_sex&h_in_bathroom,浴室里的湿热和滑腻让{TargetName}的{womb_s}在{penis_s}的侵犯下分泌出更多爱液，混合着水流从大腿内侧蜿蜒而下，带走理智。