cid,premise_name,premise_type,premise

debug_mode_setting_on,DEBUG_MODE_SETTING_ON,系统状态,设置里可以开启debug模式
debug_mode_on,DEBUG_MODE_ON,系统状态,现在是debug模式
debug_mode_off,DEBUG_MODE_OFF,系统状态,现在不是debug模式
is_h,IS_H,系统状态,当前为H模式
not_h,NOT_H,系统状态,当前不是H模式
is_unconscious_h,IS_UNCONSCIOUS_H,系统状态,当前为无意识奸模式
not_unconscious_h,NOT_UNCONSCIOUS_H,系统状态,当前不是无意识奸模式
option_son,OPTION_SON,系统状态,选项的子事件

sys_0,IS_PLAYER,指令_触发与交互,玩家触发的该指令
sys_1,NO_PLAYER,指令_触发与交互,NPC触发的该指令
sys_2,HAVE_TARGET,指令_触发与交互,拥有交互对象
sys_3,HAVE_NO_TARGET,指令_触发与交互,没有交互对象
sys_4,TARGET_IS_PLAYER,指令_触发与交互,交互对象是玩家角色
sys_5,TARGET_NO_PLAYER,指令_触发与交互,交互对象不是玩家
sex_0,IS_MAN,指令_触发与交互,触发该指令的是男性
sex_1,IS_WOMAN,指令_触发与交互,触发该指令的是女性
instruct_judge_low_obscenity,INSTRUCT_JUDGE_LOW_OBSCENITY,指令_触发与交互,当前实行值足以轻度性骚扰
instruct_judge_high_obscenity,INSTRUCT_JUDGE_HIGH_OBSCENITY,指令_触发与交互,当前实行值足以重度性骚扰
instruct_judge_h,INSTRUCT_JUDGE_H,指令_触发与交互,当前实行值足以H

high_1,HIGH_1,指令_权重,优先度为1的空白前提
high_2,HIGH_2,指令_权重,优先度为2的空白前提
high_5,HIGH_5,指令_权重,优先度为5的空白前提
high_10,HIGH_10,指令_权重,优先度为10的空白前提
high_999,HIGH_999,指令_权重,优先度为999的空白前提

last_cmd_makeing_out,LAST_CMD_MAKING_OUT,指令_前指令,前一指令为身体爱抚_口上触发用
last_cmd_kiss_h,LAST_CMD_KISS_H,指令_前指令,前一指令为接吻（H）_口上触发用
last_cmd_breast_caress,LAST_CMD_BREAST_CARESS,指令_前指令,前一指令为胸爱抚_口上触发用
last_cmd_twiddle_nipples,LAST_CMD_TWIDDLE_NIPPLES,指令_前指令,前一指令为玩弄乳头_口上触发用
last_cmd_breast_sucking,LAST_CMD_BREAST_SUCKING,指令_前指令,前一指令为舔吸乳头_口上触发用
last_cmd_clit_caress,LAST_CMD_CLIT_CARESS,指令_前指令,前一指令为阴蒂爱抚_口上触发用
last_cmd_open_labia,LAST_CMD_OPEN_LABIA,指令_前指令,前一指令为掰开阴唇观察_口上触发用
last_cmd_cunnilingus,LAST_CMD_CUNNILINGUS,指令_前指令,前一指令为舔阴_口上触发用
last_cmd_finger_insertion,LAST_CMD_FINGER_INSERTION,指令_前指令,前一指令为手指插入(V)_口上触发用
last_cmd_anal_caress,LAST_CMD_ANAL_CARESS,指令_前指令,前一指令为手指插入(A)_口上触发用
last_cmd_make_masturebate,LAST_CMD_MAKE_MASTUREBATE,指令_前指令,前一指令为让对方自慰（H）_口上触发用
last_cmd_handjob,LAST_CMD_HANDJOB,指令_前指令,前一指令为手交_口上触发用
last_cmd_blowjob,LAST_CMD_BLOWJOB,指令_前指令,前一指令为口交_口上触发用
last_cmd_paizuri,LAST_CMD_PAIZURI,指令_前指令,前一指令为乳交_口上触发用
last_cmd_footjob,LAST_CMD_FOOTJOB,指令_前指令,前一指令为足交_口上触发用
last_cmd_hairjob,LAST_CMD_HAIRJOB,指令_前指令,前一指令为发交_口上触发用
last_cmd_axillajob,LAST_CMD_AXILLAJOB,指令_前指令,前一指令为腋交_口上触发用
last_cmd_rub_buttock,LAST_CMD_RUB_BUTTOCK,指令_前指令,前一指令为素股_口上触发用
last_cmd_legjob,LAST_CMD_LEGJOB,指令_前指令,前一指令为腿交_口上触发用
last_cmd_tailjob,LAST_CMD_TAILJOB,指令_前指令,前一指令为尾交_口上触发用
last_cmd_face_rub,LAST_CMD_FACE_RUB,指令_前指令,前一指令为阴茎蹭脸_口上触发用
last_cmd_horn_rub,LAST_CMD_HORN_RUB,指令_前指令,前一指令为阴茎蹭角_口上触发用
last_cmd_ears_rub,LAST_CMD_EARS_RUB,指令_前指令,前一指令为阴茎蹭耳朵_口上触发用
last_cmd_hand_blowjob,LAST_CMD_HAND_BLOWJOB,指令_前指令,前一指令为手交口交_口上触发用
last_cmd_tits_blowjob,LAST_CMD_TITS_BLOWJOB,指令_前指令,前一指令为乳交口交_口上触发用
last_cmd_deep_throat,LAST_CMD_DEEP_THROAT,指令_前指令,前一指令为深喉插入_口上触发用
last_cmd_focus_blowjob,LAST_CMD_FOCUS_BLOWJOB,指令_前指令,前一指令为真空口交_口上触发用
last_cmd_normal_sex,LAST_CMD_NORMAL_SEX,指令_前指令,前一指令为正常位_口上触发用
last_cmd_back_sex,LAST_CMD_BACK_SEX,指令_前指令,前一指令为背后位_口上触发用
last_cmd_riding_sex,LAST_CMD_RIDING_SEX,指令_前指令,前一指令为骑乘位_口上触发用
last_cmd_face_seat_sex,LAST_CMD_FACE_SEAT_SEX,指令_前指令,前一指令为对面座位_口上触发用
last_cmd_back_seat_sex,LAST_CMD_BACK_SEAT_SEX,指令_前指令,前一指令为背面座位_口上触发用
last_cmd_face_stand_sex,LAST_CMD_FACE_STAND_SEX,指令_前指令,前一指令为对面立位_口上触发用
last_cmd_back_stand_sex,LAST_CMD_BACK_STAND_SEX,指令_前指令,前一指令为背面立位_口上触发用
last_cmd_stimulate_g_point,LAST_CMD_STIMULATE_G_POINT,指令_前指令,前一指令为刺激G点_口上触发用
last_cmd_womb_os_caress,LAST_CMD_WOMB_OS_CARESS,指令_前指令,前一指令为玩弄子宫口_口上触发用

last_cmd_penis_position,LAST_CMD_PENIS_POSITION,指令_前指令,前一指令为阴茎位置相关指令_指令触发用
last_cmd_blowjob_or_handjob,LAST_CMD_BLOWJOB_OR_HANDJOB,指令_前指令,前一指令为口交或手交_指令触发用
last_cmd_blowjob_or_paizuri,LAST_CMD_BLOWJOB_OR_PAIZURI,指令_前指令,前一指令为口交或乳交_指令触发用
last_cmd_blowjob_or_cunnilingus,LAST_CMD_BLOWJOB_OR_CUNNILINGUS,指令_前指令,前一指令为口交或舔阴_指令触发用
last_cmd_sex,LAST_CMD_SEX,指令_前指令,前一指令为V性交_指令触发用
last_cmd_w_sex,LAST_CMD_W_SEX,指令_前指令,前一指令为W性交_指令触发用
last_cmd_a_sex,LAST_CMD_A_SEX,指令_前指令,前一指令为A性交_指令触发用
last_cmd_u_sex,LAST_CMD_U_SEX,指令_前指令,前一指令为U性交_指令触发用
last_cmd_breast_caress_type,LAST_CMD_BREAST_CARESS_TYPE,指令_前指令,前一指令为胸部爱抚类(403，404，405)
last_cmd_handjob_type,LAST_CMD_HANDJOB_TYPE,指令_前指令,前一指令为手交类(420，427)
last_cmd_blowjob_type,LAST_CMD_BLOWJOB_TYPE,指令_前指令,前一指令为口交类(421，427，428，429，430，431)
last_cmd_paizuri_type,LAST_CMD_PAIZURI_TYPE,指令_前指令,前一指令为乳交类(422，428)

place_0,IN_PLAYER_SCENE,地点_角色,与玩家处于相同地点
place_1,NOT_IN_PLAYER_SCENE,地点_角色,与玩家不处于相同地点
place_2,PLAYER_COME_SCENE,地点_角色,玩家来到该角色所在的地点
place_4,PLAYER_LEAVE_SCENE,地点_角色,玩家离开该角色所在的地点
place_6,TATGET_COME_SCENE,地点_角色,该角色来到玩家所在的地点
place_8,TATGET_LEAVE_SCENE,地点_角色,该角色离开玩家所在的地点
place_10,SCENE_ONLY_TWO,地点_角色,该地点仅有玩家和该角色
place_11,SCENE_OVER_TWO,地点_角色,该地点里有除了玩家和该角色之外的人
place_12,SCENE_ONLY_ONE,地点_角色,该地点里没有自己外的其他角色
place_is_h,SCENE_SOMEONE_IS_H,地点_角色,该地点有其他角色在和玩家H
place_someone_no_fall,SCENE_SOMEONE_NO_FALL,地点_角色,该地点有未拥有陷落素质的角色
place_over_one,SCENE_OVER_ONE,地点_角色,该地点里有除了自己之外的人
place_have_assistant,SCENE_HAVE_ASSISTANT,地点_角色,该地点有助理

teacher_teaching_in_classroom,TEACHER_TEACHING_IN_CLASSROOM,地点_工作,当前有教师在教室里讲课
student_not_study_in_classroom,STUDENT_NOT_STUDY_IN_CLASSROOM,地点_工作,教室里有没在上课的学生
place_someone_not_massage_therapist,SCENE_SOMEONE_NOT_MASSAGE_THERAPIST,地点_工作,该地点有非按摩师的其他角色

place_exposed,PLACE_EXPOSED,地点_属性,当前地点暴露
place_covert,PLACE_COVERT,地点_属性,当前地点隐蔽
place_furniture_ge_1,PLACE_FURNITURE_GE_1,地点_属性,当前地点有家具
place_furniture_ge_2,PLACE_FURNITURE_GE_2,地点_属性,当前地点至少有办公级家具
place_furniture_1,PLACE_FURNITURE_1,地点_属性,当前地点仅有基础家具
place_furniture_2,PLACE_FURNITURE_2,地点_属性,当前地点有办公级家具
place_furniture_3,PLACE_FURNITURE_3,地点_属性,当前地点有卧室级家具（即含床）
place_furniture_0,PLACE_FURNITURE_0,地点_属性,当前地点没家具
in_functional_room,IN_FUNCTIONAL_ROOM,地点_属性,在功能性地点中
place_door_open,PLACE_DOOR_OPEN,地点_属性,地点的门是开着的（不含内隔间关门）
place_ladies_only,PLACE_LADIES_ONLY,地点_属性,该地点男士止步（女洗手间/更衣室/浴室等）
place_in_collection_list,PALCE_IN_COLLECTION_LIST,地点_属性,当前地点在收藏列表中
place_not_in_collection_list,PLACE_NOT_IN_COLLECTION_LIST,地点_属性,当前地点不在收藏列表中

in_kitchen,IN_KITCHEN,地点_定位,在厨房
not_in_kitchen,NOT_IN_KITCHEN,地点_定位,不在厨房
in_din,IN_DINING_HALL,地点_定位,在食堂
not_in_din,NOT_IN_DINING_HALL,地点_定位,不在食堂
in_food_shop,IN_FOOD_SHOP,地点_定位,在食物商店（取餐区）
not_in_food_shop,NOT_IN_FOOD_SHOP,地点_定位,不在食物商店（取餐区）
in_office,IN_OFFICE,地点_定位,在办公室（含全部办公室）
in_dr_off,IN_DR_OFFICE,地点_定位,在博士办公室
not_in_dr_off,NOT_IN_DR_OFFICE,地点_定位,不在博士办公室
in_dr_off_or_debug,IN_DR_OFFICE_OR_DEBUG,地点_定位,在博士办公室或处于debug模式
in_command_room,IN_COMMAND_ROOM,地点_定位,在指挥室
in_dor,IN_DORMITORY,地点_定位,在自己宿舍中
not_in_dor,NOT_IN_DORMITORY,地点_定位,不在自己宿舍中
in_bathroom,IN_BATHROOM,地点_定位,在浴室中
in_toilet_man,IN_TOILET_MAN,地点_定位,在男士洗手间
in_toilet_female,IN_TOILET_FEMALE,地点_定位,在女士洗手间
not_in_toilet_female,NOT_IN_TOILET_FEMALE,地点_定位,不在女士洗手间
not_in_toilet,NOT_IN_TOILET,地点_定位,不在洗手间
in_restroom,IN_REST_ROOM,地点_定位,在休息室中
not_in_restroom,NOT_IN_REST_ROOM,地点_定位,不在休息室中
in_music_room,IN_MUSIC_ROOM,地点_定位,在音乐室中
in_classic_music_room,IN_CLASSIC_MUSIC_ROOM,地点_定位,在夕照区音乐室中
not_in_classic_music_room,NOT_IN_CLASSIC_MUSIC_ROOM,地点_定位,不在夕照区音乐室中
in_moden_music_room,IN_MODEN_MUSIC_ROOM,地点_定位,在现代音乐排练室中
not_in_moden_music_room,NOT_IN_MODEN_MUSIC_ROOM,地点_定位,不在现代音乐排练室中
in_multimedia_room,IN_MULTIMEDIA_ROOM,地点_定位,在多媒体室中
not_in_multimedia_room,NOT_IN_MULTIMEDIA_ROOM,地点_定位,不在多媒体室中
in_photography_studio,IN_PHOTOGRAPHY_STUDIO,地点_定位,在摄影爱好者影棚中
not_in_photography_studio,NOT_IN_PHOTOGRAPHY_STUDIO,地点_定位,不在摄影爱好者影棚中
in_aquapit_experientorium,IN_AQUAPIT_EXPERIENTORIUM,地点_定位,在大水坑快活体验屋中
not_in_aquapit_experientorium,NOT_IN_AQUAPIT_EXPERIENTORIUM,地点_定位,不在大水坑快活体验屋中
in_board_games_room,IN_BOARD_GAMES_ROOM,地点_定位,在棋牌室中
not_in_board_games_room,NOT_IN_BOARD_GAMES_ROOM,地点_定位,不在棋牌室中
in_fairy_banquet,IN_FAIRY_BANQUET,地点_定位,在糖果仙子宴会厅中
not_in_fairy_banquet,NOT_IN_FAIRY_BANQUET,地点_定位,不在糖果仙子宴会厅中
in_broadcast_center,IN_BROADCAST_CENTER,地点_定位,在直播间中
not_in_broadcast_center,NOT_IN_BROADCAST_CENTER,地点_定位,不在直播间中
in_library_zone,IN_LIBRARY_ZONE,地点_定位,在图书馆区中
in_library,IN_LIBRARY,地点_定位,在图书馆中
not_in_library,NOT_IN_LIBRARY,地点_定位,不在图书馆中
in_library_office,IN_LIBRARY_OFFICE,地点_定位,在图书馆办公室中
not_in_library_office,NOT_IN_LIBRARY_OFFICE,地点_定位,不在图书馆办公室中
in_library_or_library_office,IN_LIBRARY_OR_LIBRARY_OFFICE,地点_定位,在图书馆或图书馆办公室中
not_in_library_or_library_office,NOT_IN_LIBRARY_OR_LIBRARY_OFFICE,地点_定位,不在图书馆或图书馆办公室中
in_collection_room,IN_COLLECTION_ROOM,地点_定位,在藏品馆中
in_gym_room,IN_GYM_ROOM,地点_定位,在健身区中
in_training_room,IN_TRAINING_ROOM,地点_定位,在训练室中（包括木桩房和射击房）
not_in_training_room,NOT_IN_TRAINING_ROOM,地点_定位,不在训练室中（包括木桩房和射击房）
in_fight_room,IN_FIGHT_ROOM,地点_定位,在木桩房中
in_shoot_room,IN_SHOOT_ROOM,地点_定位,在射击房中
in_building_room,IN_BUILDING_ROOM,地点_定位,在基建部中
in_server_room,IN_SERVER_ROOM,地点_定位,在机房中
in_blacksmith_shop,IN_BLACKSMITH_SHOP,地点_定位,在铁匠铺中
not_in_blacksmith_shop,NOT_IN_BLACKSMITH_SHOP,地点_定位,不在铁匠铺中
in_maintenance_department,IN_MAINTENANCE_DEPARTMENT,地点_定位,运维部中
not_in_maintenance_department,NOT_IN_MAINTENANCE_DEPARTMENT,地点_定位,不在运维部中
in_maintenance_place,IN_MAINTENANCE_PLACE,地点_定位,在自己对应的检修地点中
not_in_maintenance_place,NOT_IN_MAINTENANCE_PLACE,地点_定位,不在自己对应的检修地点中
in_any_maintenance_place,IN_ANY_MAINTENANCE_PLACE,地点_定位,在任意检修地点中
in_dr_off_or_server_room_or_debug,IN_DR_OFF_OR_SERVER_ROOM_OR_DEBUG,地点_定位,在博士办公室/机房/debug模式中
in_medical_zone,IN_MEDICAL_ZONE,地点_定位,在医疗部中
in_clinic,IN_CLINIC,地点_定位,在门诊室中（含急诊室）
not_in_clinic,NOT_IN_CLINIC,地点_定位,不在门诊室中（含急诊室）
in_hr_office,IN_HR_OFFICE,地点_定位,在人事部办公室中
not_in_hr_office,NOT_IN_HR_OFFICE,地点_定位,不在人事部办公室中
in_hr_meeting_room,IN_HR_MEETING_ROOM,地点_定位,在人事部会议室中
in_bathroom,IN_BATHROOM,地点_定位,在淋浴区
not_in_bathroom,NOT_IN_BATHROOM,地点_定位,不在淋浴区
in_foot_bath,IN_FOOT_BATH,地点_定位,在足浴区
not_in_foot_bath,NOT_IN_FOOT_BATH,地点_定位,不在足浴区
in_sauna,IN_SAUNA,地点_定位,在桑拿房
not_in_sauna,NOT_IN_SAUNA,地点_定位,不在桑拿房
in_spa_room,IN_SPA_ROOM,地点_定位,在水疗房中
not_in_spa_room,NOT_IN_SPA_ROOM,地点_定位,不在水疗房中
in_onsen,IN_ONSEN,地点_定位,在温泉中
not_in_onsen,NOT_IN_ONSEN,地点_定位,不在温泉中
in_bathzone_locker_room,IN_BATHZONE_LOCKER_ROOM,地点_定位,在大浴场的更衣室
not_in_bathzone_locker_room,NOT_IN_BATHZONE_LOCKER_ROOM,地点_定位,不在大浴场的更衣室
in_bathzone_rest_room,IN_BATHZONE_REST_ROOM,地点_定位,在大浴场的休息室
not_in_bathzone_rest_room,NOT_IN_BATHZONE_REST_ROOM,地点_定位,不在大浴场的休息室
in_training_locker_room,IN_TRAINING_LOCKER_ROOM,地点_定位,在训练场的更衣室
not_in_training_locker_room,NOT_IN_TRAINING_LOCKER_ROOM,地点_定位,不在训练场的更衣室
in_locker_room_or_dormitory,IN_LOCKER_ROOM_OR_DORMITORY,地点_定位,在更衣室或宿舍
in_nursery,IN_NURSERY,地点_定位,在育儿室
in_avant_garde_arcade,IN_AVANT_GARDE_ARCADE,地点_定位,在前卫街机厅中
not_in_avant_garde_arcade,NOT_IN_AVANT_GARDE_ARCADE,地点_定位,不在前卫街机厅中
in_swimming_pool,IN_SWIMMING_POOL,地点_定位,在游泳池
not_in_swimming_pool,NOT_IN_SWIMMING_POOL,地点_定位,不在游泳池
in_bar,IN_BAR,地点_定位,在酒吧
not_in_bar,NOT_IN_BAR,地点_定位,不在酒吧
in_hair_salon,IN_HAIR_SALON,地点_定位,在理发店
not_in_hair_salon,NOT_IN_HAIR_SALON,地点_定位,不在理发店
in_styling_studio,IN_STYLING_STUDIO,地点_定位,在造型工作室
not_in_styling_studio,NOT_IN_STYLING_STUDIO,地点_定位,不在造型工作室
in_walyria_cake_shop,IN_WALYRIA_CAKE_SHOP,地点_定位,在瓦莱丽蛋糕店
not_in_walyria_cake_shop,NOT_IN_WALYRIA_CAKE_SHOP,地点_定位,不在瓦莱丽蛋糕店
in_golden_game_room,IN_GOLDEN_GAME_ROOM,地点_定位,在黄澄澄游戏室
not_in_golden_game_room,NOT_IN_GOLDEN_GAME_ROOM,地点_定位,不在黄澄澄游戏室
in_teahouse,IN_TEAHOUSE,地点_定位,在山城茶馆
not_in_teahouse,NOT_IN_TEAHOUSE,地点_定位,不在山城茶馆
in_café,IN_CAFÉ,地点_定位,在哥伦比亚咖啡馆
not_in_café,NOT_IN_CAFÉ,地点_定位,不在哥伦比亚咖啡馆
in_light_store,IN_LIGHT_STORE,地点_定位,在花草灯艺屋
not_in_light_store,NOT_IN_LIGHT_STORE,地点_定位,不在花草灯艺屋
in_restaurant,IN_RESTAURANT,地点_定位,在餐馆（含所有正餐餐馆）
not_in_restaurant,NOT_IN_RESTAURANT,地点_定位,不在餐馆（含所有正餐餐馆）
in_seven_cities_restaurant,IN_SEVEN_CITIES_RESTAURANT,地点_定位,在七城风情餐厅
not_in_seven_cities_restaurant,NOT_IN_SEVEN_CITIES_RESTAURANT,地点_定位,不在七城风情餐厅
in_kfc,IN_KFC,地点_定位,在人气快餐开封菜
not_in_kfc,NOT_IN_KFC,地点_定位,不在人气快餐开封菜
in_healthy_diner,IN_HEALTHY_DINER,地点_定位,在健康快餐店
not_in_healthy_diner,NOT_IN_HEALTHY_DINER,地点_定位,不在健康快餐店
in_lungmen_eatery,IN_LUNGMEN_EATERY,地点_定位,在龙门食坊
not_in_lungmen_eatery,NOT_IN_LUNGMEN_EATERY,地点_定位,不在龙门食坊
in_pizzeria,IN_PIZZERIA,地点_定位,在快捷连锁披萨店
not_in_pizzeria,NOT_IN_PIZZERIA,地点_定位,不在快捷连锁披萨店
in_h_shop,IN_H_SHOP,地点_定位,在成人用品商店
not_in_h_shop,NOT_IN_H_SHOP,地点_定位,不在成人用品商店
in_resource_exchange,IN_RESOURCE_EXCHANGE,地点_定位,在资源交易所
not_in_resource_exchange,NOT_IN_RESOURCE_EXCHANGE,地点_定位,不在资源交易所
in_production_workshop,IN_PRODUCTION_WORKSHOP,地点_定位,在生产车间
not_in_production_workshop,NOT_IN_PRODUCTION_WORKSHOP,地点_定位,不在生产车间
in_diplomatic_office,IN_DIPLOMATIC_OFFICE,地点_定位,在外交办公室
not_in_diplomatic_office,NOT_IN_DIPLOMATIC_OFFICE,地点_定位,不在外交办公室
in_class_room,IN_CLASS_ROOM,地点_定位,在教室
not_in_class_room,NOT_IN_CLASS_ROOM,地点_定位,不在教室
in_teacher_office,IN_TEACHER_OFFICE,地点_定位,在教师办公室
not_in_teacher_office,NOT_IN_TEACHER_OFFICE,地点_定位,不在教师办公室
in_herb_garden,IN_HERB_GARDEN,地点_定位,在药田
not_in_herb_garden,NOT_IN_HERB_GARDEN,地点_定位,不在药田
in_greenhouse,IN_GREENHOUSE,地点_定位,在温室
not_in_greenhouse,NOT_IN_GREENHOUSE,地点_定位,不在温室
in_Aromatherapy_room,IN_AROMATHERAPY_ROOM,地点_定位,在香薰治疗室
not_in_aromatherapy_room,NOT_IN_AROMATHERAPY_ROOM,地点_定位,不在香薰治疗室
in_prison,IN_PRISON,地点_定位,在监牢
not_in_prison,NOT_IN_PRISON,地点_定位,不在监牢

move_to_toilet_female,MOVE_TO_TOILET_FEMALE,地点_移动,角色抵达女士洗手间
move_to_locker_room,MOVE_TO_LOCKER_ROOM,地点_移动,角色抵达更衣室
move_to_dormitory,MOVE_TO_DORMITORY,地点_移动,角色抵达宿舍
move_from_dormitory,MOVE_FROM_DORMITORY,地点_移动,角色离开宿舍
move_to_ladies_only,MOVE_TO_LADIES_ONLY,地点_移动,角色抵达男士止步的地点
move_not_finish,MOVE_NOT_FINISH,地点_移动,角色移动未完成(权重为10)

visitor_zone_ge_2,VISITOR_ZONE_GE_2,设施,访客区等级大于等于2级
visitor_zone_have_target,VISITOR_ZONE_HAVE_TARGET,设施,访客区当前有已选择好的邀请目标

ai_moved,HAVE_MOVED,时间_角色,NPC距离上次移动已经至少经过了1小时
ai_wait,AI_WAIT,时间_角色,NPC需要进行一次5分钟的等待（wait_flag=1）
ai_trained,HAVE_TRAINED,时间_角色,NPC距离上次战斗训练已经超过两天了
ai_not_shower,NOT_SHOWER,时间_角色,NPC今天还没有洗澡
ai_have_showered,HAVE_SHOWERED,时间_角色,NPC今天已经洗过澡了

time_day,TIME_DAY,时间_当前,时间:白天（6点~18点）
time_night,TIME_NIGHT,时间_当前,时间:夜晚（18点~6点）
time_midnight,TIME_MIDNIGHT,时间_当前,时间:深夜（22点~2点）
time_morning,TIME_MORNING,时间_当前,时间:清晨（4点~8点）
time_moon,TIME_MOON,时间_当前,时间:中午（10点~14点）
time_aftermoon,TIME_AFTERMOON,时间_当前,时间:下午（15点~18点）
eat_time,EAT_TIME,时间_当前,饭点（早上7~8点、中午12~13点、晚上18~19点）
breakfast_time,BREAKFAST_TIME,时间_当前,早饭饭点（早上7~8点）
launch_time,LAUNCH_TIME,时间_当前,午饭饭点（中午12~13点）
dinner_time,DINNER_TIME,时间_当前,晚饭饭点（晚上18~19点）
shower_time,SHOWER_TIME,时间_当前,淋浴时间（晚上8点到晚上12点）
not_shower_time,NOT_SHOWER_TIME,时间_当前,非淋浴时间（淋浴时间是晚上8点到晚上12点）
sleep_time,SLEEP_TIME,时间_当前,角色行动开始时间为睡觉时间（晚上10点到早上6点）
game_time_is_sleep_time,GAME_TIME_IS_SLEEP_TIME,时间_当前,游戏系统时间为睡觉时间（晚上10点到早上6点）
tired_ge_75_or_sleep_time,TIRED_GE_75_OR_SLEEP_TIME,时间_当前,疲劳条≥75%或到了睡觉的时间
to_work_time,TO_WORK_TIME,时间_当前,到岗时间（工作日早上8:40~早上9:00，下午13:40~下午14:00）
work_time,WORK_TIME,时间_当前,工作时间（工作日早上9:00~中午12:00，下午14:00~下午18:00）
all_entertainment_time,ALL_ENTERTAINMENT_TIME,时间_当前,全娱乐时间（休息日为工作时间+下班，工作日为仅下班）
not_all_entertainment_time,NOT_ALL_ENTERTAINMENT_TIME,时间_当前,非全娱乐时间（休息日为工作时间+下班，工作日为仅下班）
morning_entertainment_time,MORNING_ENTERTAINMENT_TIME,时间_当前,上午娱乐时间（早上9:00~早上12:00）
afternoon_entertainment_time,AFTERNOON_ENTERTAINMENT_TIME,时间_当前,下午娱乐时间（下午14:00~下午18:00）
night_entertainment_time,NIGHT_ENTERTAINMENT_TIME,时间_当前,晚上娱乐时间（晚上19:00~晚上22:00）
time_workday,TIME_WORKDAYD,时间_当前,今天为工作日（周一到周五）
time_weekend,TIME_WEEKEND,时间_当前,今天为周末（周六或周日）
morning_salutation_time,MORIING_SALUTATION_TIME,时间_当前,当前是早安问候时间（玩家醒来半小时前以内，权重50）
not_morning_salutation_time,NOT_MORIING_SALUTATION_TIME,时间_当前,当前不是早安问候时间（玩家醒来半小时前以内）
night_salutation_time,NIGHT_SALUTATION_TIME,时间_当前,当前是晚安问候时间（计划睡觉时间之后，权重50）
not_night_salutation_time,NOT_NIGHT_SALUTATION_TIME,时间_当前,当前不是晚安问候时间（计划睡觉时间之后）


normal_all,NORMAL_ALL,属性_异常状态,没有任何异常的普通状态
normal_1,NORMAL_1,属性_异常状态,1正常
normal_2,NORMAL_2,属性_异常状态,2正常
normal_3,NORMAL_3,属性_异常状态,3正常
normal_4,NORMAL_4,属性_异常状态,4正常
normal_5,NORMAL_5,属性_异常状态,5正常
normal_6,NORMAL_6,属性_异常状态,6正常
normal_7,NORMAL_7,属性_异常状态,7正常
t_normal_2,T_NORMAL_2,属性_异常状态,交互对象2正常
t_normal_6,T_NORMAL_6,属性_异常状态,交互对象6正常
normal_2_4,NORMAL_2_4,属性_异常状态,24正常的普通状态
normal_267,NORMAL_267,属性_异常状态,267正常（可能基础异常、AI跟随、服装异常或意识模糊）
normal_2467,NORMAL_2467,属性_异常状态,2467正常（可能基础异常、AI跟随或意识模糊）
t_normal_2467,T_NORMAL_2467,属性_异常状态,交互对象2467正常（可能基础异常、AI跟随或意识模糊）
normal_23467,NORMAL_23467,属性_异常状态,23467正常（可能基础异常或意识模糊）
normal_24567,NORMAL_24567,属性_异常状态,24567正常（可能基础异常、AI跟随）
t_normal_24567,T_NORMAL_24567,属性_异常状态,交互对象24567正常（可能基础异常、AI跟随）
normal_124567,NORMAL_124567,属性_异常状态,124567正常（可能AI跟随）
normal_1267,NORMAL_1267,属性_异常状态,1267正常（可能AI跟随、服装异常或意识模糊）
normal_123467,NORMAL_123467,属性_异常状态,123467正常（可能意识模糊）
normal_1_2_4,NORMAL_1_2_4,属性_异常状态,124正常的普通状态
normal_2_3_4,NORMAL_2_3_4,属性_异常状态,234正常的普通状态
unnormal,UNNORMAL,属性_异常状态,有特殊需求的异常状态
unnormal_27,UNNORMAL_27,属性_异常状态,27异常（妊娠限制或监禁）
t_normal_5_6,T_NORMAL_5_6,属性_异常状态,交互对象56正常
t_unnormal_5_6,T_UNNORMAL_5_6,属性_异常状态,交互对象5异常或6异常
t_unnormal_6,T_UNNORMAL_6,属性_异常状态,交互对象6异常
unnormal_567,UNNORMAL_567,属性_异常状态,自身5或6或7异常
t_normal_256_or_unconscious_flag,T_NORMAL_256_OR_UNCONSCIOUS_FLAG,属性_异常状态,交互对象256正常或无意识
t_unnormal_567,T_UNNORMAL_567,属性_异常状态,交互对象5或6或7异常

hp_low,HP_LOW,属性_基础,自身体力低于30%
hp_high,HP_HIGH,属性_基础,自身体力高于70%
hp_max,HP_MAX,属性_基础,自身体力等于100%
mp_0,MP_0,属性_基础,自身气力为0
mp_low,MP_LOW,属性_基础,自身气力低于30%
mp_high,MP_HIGH,属性_基础,自身气力高于70%
mp_max,MP_MAX,属性_基础,自身气力等于100%
hp_or_mp_low,HP_OR_MP_LOW,属性_基础,自身体力或气力有一项低于30%
hp_or_mp_ge_80,HP_OR_MP_GE_80,属性_基础,自身体力或气力有一项低于80%
t_hp_low,TARGET_HP_LOW,属性_基础,交互对象体力低于30%
t_hp_high,TARGET_HP_HIGH,属性_基础,交互对象体力高于70%
t_mp_0,TARGET_MP_0,属性_基础,交互对象气力为0
t_mp_low,TARGET_MP_LOW,属性_基础,交互对象气力低于30%
t_mp_high,TARGET_MP_HIGH,属性_基础,交互对象气力高于70%
tired_le_0,TIRED_LE_0,属性_基础,疲劳条≤0%
tired_ge_50,TIRED_GE_50,属性_基础,疲劳条≥50%
tired_le_74,TIRED_LE_74,属性_基础,疲劳条≤74%，全指令自由
tired_ge_75,TIRED_GE_75,属性_基础,疲劳条≥75%，部分指令受限
tired_le_84,TIRED_LE_84,属性_基础,疲劳条≤84%，自由活动的极限
tired_ge_85,TIRED_GE_85,属性_基础,疲劳条≥85%，必须回去睡觉
tired_l_100,TIRED_L_100,属性_基础,疲劳条<100%，还不至于当场爆睡
tired_100,TIRED_100,属性_基础,疲劳条100%，当场爆睡
t_tired_ge_50,TARGET_TIRED_GE_50,属性_基础,交互对象疲劳条≥50%
t_tired_le_74,TARGET_TIRED_LE_74,属性_基础,交互对象疲劳条≤74%，全指令自由
t_tired_ge_75,TARGET_TIRED_GE_75,属性_基础,交互对象疲劳条≥75%，部分指令受限
t_tired_le_84,TARGET_TIRED_LE_84,属性_基础,交互对象疲劳条≤84%，自由活动的极限
t_tired_ge_85,TARGET_TIRED_GE_85,属性_基础,交互对象疲劳条≥85%，必须回去睡觉
t_tired_100,TARGET_TIRED_100,属性_基础,交互对象疲劳条100%，当场爆睡
urinate_le_49,URINATE_LE_49,属性_基础,尿意条≤49%，可以继续喝咖啡
urinate_le_79,URINATE_LE_79,属性_基础,尿意条≤79%，不需要排尿
urinate_ge_80,URINATE_GE_80,属性_基础,尿意条≥80%，需要排尿
t_urinate_le_49,TARGET_URINATE_LE_49,属性_基础,交互对象尿意条≤49%，可以继续喝咖啡
t_urinate_le_79,TARGET_URINATE_LE_79,属性_基础,交互对象尿意条≤79%，不需要排尿
t_urinate_ge_80,TARGET_URINATE_GE_80,属性_基础,交互对象尿意条≥80%，需要排尿
hunger_le_79,HUNGER_LE_79,属性_基础,饥饿值≤79%，不需要吃饭
hunger_ge_80,HUNGER_GE_80,属性_基础,饥饿值≥80%，需要吃饭
t_hunger_le_79,TARGET_HUNGER_LE_79,属性_基础,交互对象饥饿值≤79%，不需要吃饭
t_hunger_ge_80,TARGET_HUNGER_GE_80,属性_基础,交互对象饥饿值≥80%，需要吃饭
sleep_level_0,SLEEP_LEVEL_0,属性_基础,睡眠等级：半梦半醒
sleep_level_1,SLEEP_LEVEL_1,属性_基础,睡眠等级：浅睡
sleep_level_2,SLEEP_LEVEL_2,属性_基础,睡眠等级：熟睡
sleep_level_3,SLEEP_LEVEL_3,属性_基础,睡眠等级：完全深眠
milk_le_29,MILK_LE_29,属性_基础,奶量≤29%，无法挤奶
milk_ge_30,MILK_GE_30,属性_基础,奶量≥30%，可以挤奶
milk_le_79,MILK_LE_79,属性_基础,奶量≤79%，未涨奶
milk_ge_80,MILK_GE_80,属性_基础,奶量≥80%，涨奶
t_milk_le_29,TARGET_MILK_LE_29,属性_基础,交互对象奶量≤29%，无法挤奶
t_milk_ge_30,TARGET_MILK_GE_30,属性_基础,交互对象奶量≥30%，可以挤奶
t_milk_le_79,TARGET_MILK_LE_79,属性_基础,交互对象奶量≤79%，未涨奶
t_milk_ge_80,TARGET_MILK_GE_80,属性_基础,交互对象奶量≥80%，涨奶
sanity_point_0,SANITY_POINT_0,属性_基础,理智值为0
sanity_point_g_0,SANITY_POINT_G_0,属性_基础,理智值不为0
sanity_point_l_5,SANITY_POINT_L_5,属性_基础,理智值<5
sanity_point_ge_5,SANITY_POINT_GE_5,属性_基础,理智值≥5
sanity_point_l_10,SANITY_POINT_L_10,属性_基础,理智值<10
sanity_point_ge_10,SANITY_POINT_GE_10,属性_基础,理智值≥10

favorability_le_2,FAVORABILITY_LE_2,属性_好感与信赖,指令双方中NPC方对玩家的好感等级小于等于2（1000点）
favorability_ge_3,FAVORABILITY_GE_3,属性_好感与信赖,指令双方中NPC方对玩家的好感等级小于等于3（2500点）

is_assistant,IS_ASSISTANT,属性_助理,自己是当前的助理干员
not_assistant,NOT_ASSISTANT,属性_助理,自己不是当前的助理干员
t_is_assistant,TARGET_IS_ASSISTANT,属性_助理,交互对象是当前的助理干员
t_not_assistant,TARGET_NOT_ASSISTANT,属性_助理,交互对象不是当前的助理干员
assistant_help_work_0,ASSISTANT_HELP_WORK_0,属性_助理,自己的助理属性中的辅佐服务未开启
assistant_help_work_1,ASSISTANT_HELP_WORK_1,属性_助理,自己的助理属性中的辅佐服务开启中
assistant_send_food_0,ASSISTANT_SEND_FOOD_0,属性_助理,自己的助理属性中的送饭服务未开启
assistant_send_food_1,ASSISTANT_SEND_FOOD_1,属性_助理,自己的助理属性中的送饭服务为帮忙买午饭
assistant_send_food_2,ASSISTANT_SEND_FOOD_2,属性_助理,自己的助理属性中的送饭服务为亲手做午饭
assistant_send_food_3,ASSISTANT_SEND_FOOD_3,属性_助理,自己的助理属性中的送饭服务为亲手做三餐
assistant_send_food_of_ai_disable,ASSISTANT_SEND_FOOD_OF_AI_DISABLE,属性_助理,自己的助理属性中的送饭服务不影响AI吃饭的情况（包括未开启，开启午饭但当前非午饭）
assistant_send_food_1_able,ASSISTANT_SEND_FOOD_1_ABLE,属性_助理,自己的助理属性满足帮忙买午饭（设定为1，flag为0，且当前为午饭）
assistant_send_food_2_able,ASSISTANT_SEND_FOOD_2_ABLE,属性_助理,自己的助理属性满足帮忙做饭（含午饭与三餐）
assistant_morning_salutation_0,ASSISTANT_MORIING_SALUTATION_0,属性_助理,自己的助理属性中的早安问候服务未开启
assistant_morning_salutation_on,ASSISTANT_MORIING_SALUTATION_ON,属性_助理,自己的助理属性中的早安问候服务开启中
assistant_morning_salutation_1,ASSISTANT_MORIING_SALUTATION_1,属性_助理,自己的助理属性中的早安问候服务为-早上叫起床
assistant_morning_salutation_2,ASSISTANT_MORIING_SALUTATION_2,属性_助理,自己的助理属性中的早安问候服务为-早安吻
assistant_morning_salutation_3,ASSISTANT_MORIING_SALUTATION_3,属性_助理,自己的助理属性中的早安问候服务为-早安咬
assistant_night_salutation_0,ASSISTANT_NIGHT_SALUTATION_0,属性_助理,自己的助理属性中的晚安问候服务未开启
assistant_night_salutation_on,ASSISTANT_NIGHT_SALUTATION_ON,属性_助理,自己的助理属性中的晚安问候服务开启中
assistant_night_salutation_2,ASSISTANT_NIGHT_SALUTATION_2,属性_助理,自己的助理属性中的晚安问候服务为-晚安吻
assistant_night_salutation_3,ASSISTANT_NIGHT_SALUTATION_3,属性_助理,自己的助理属性中的晚安问候服务为-晚安咬
assistant_salutation_of_ai_disable,ASSISTANT_SALUTATION_OF_AI_DISABLE,属性_助理,自己的助理属性中的问候服务不影响AI行动的情况（包括未开启，开启但当前非问候时间）

jj_0,JJ_0,属性_身体部位,自身阴茎大小为短小
jj_1,JJ_1,属性_身体部位,自身阴茎大小为普通
jj_2,JJ_2,属性_身体部位,自身阴茎大小为粗大
jj_3,JJ_3,属性_身体部位,自身阴茎大小为巨根

is_follow,IS_FOLLOW,属性_特殊flag,当前正跟随玩家
not_follow,NOT_FOLLOW,属性_特殊flag,当前没跟随玩家
is_follow_1,IS_FOLLOW_1,属性_特殊flag,当前正智能跟随玩家(权重20)
not_follow_1,NOT_FOLLOW_1,属性_特殊flag,当前没智能跟随玩家
is_follow_3,IS_FOLLOW_3,属性_特殊flag,当前正前往博士办公室
is_follow_4,IS_FOLLOW_4,属性_特殊flag,当前正前往博士所在位置
t_is_follow,TARGET_IS_FOLLOW,属性_特殊flag,交互对象当前正跟随玩家
t_not_follow,TARGET_NOT_FOLLOW,属性_特殊flag,交互对象当前没跟随玩家
hp_1,HP_1,属性_特殊flag,自身疲劳（体力=1）
be_bagged_0,BE_BAGGED_0,属性_特殊flag,自身没有被装袋搬走
be_bagged_1,BE_BAGGED_1,属性_特殊flag,自身被装袋搬走
pl_bagging_chara,PL_BAGGING_CHARA,属性_特殊flag,玩家正在装袋搬走某个角色
pl_not_bagging_chara,PL_NOT_BAGGING_CHARA,属性_特殊flag,玩家没有正在装袋搬走某个角色
imprisonment_1,IMPRISONMENT_1,属性_特殊flag,自身被监禁
imprisonment_0,IMPRISONMENT_0,属性_特殊flag,自身没有被监禁
t_imprisonment_0,T_IMPRISONMENT_0,属性_特殊flag,交互对象没有被监禁
t_imprisonment_1,T_IMPRISONMENT_1,属性_特殊flag,交互对象被监禁
shower_flag_0,SHOWER_FLAG_0,属性_特殊flag,自身没有洗澡状态
shower_flag_ge_1,SHOWER_FLAG_GE_1,属性_特殊flag,自身有某一种洗澡状态
shower_flag_123,SHOWER_FLAG_123,属性_特殊flag,自身有正在进行的洗澡状态
shower_flag_1,SHOWER_FLAG_1,属性_特殊flag,自身要脱衣服（洗澡）状态
shower_flag_2,SHOWER_FLAG_2,属性_特殊flag,自身要洗澡状态
shower_flag_3,SHOWER_FLAG_3,属性_特殊flag,自身要披浴巾状态
shower_flag_4,SHOWER_FLAG_4,属性_特殊flag,自身已洗澡状态
eat_food_flag_ge_1,EAT_FOOD_FLAG_GE_1,属性_特殊flag,自身有某一种吃饭状态
eat_food_flag_1,EAT_FOOD_FLAG_1,属性_特殊flag,自身要取餐状态
eat_food_flag_2,EAT_FOOD_FLAG_2,属性_特殊flag,自身要进食状态
sleep_flag_1,SLEEP_FLAG_1,属性_特殊flag,自身要睡觉状态
rest_flag_1,REST_FLAG_1,属性_特殊flag,自身要休息状态
pee_flag_1,PEE_FLAG_1,属性_特殊flag,自身要撒尿状态
milk_flag_1,MILK_FLAG_1,属性_特殊flag,自身要挤奶状态
find_food_weird_flag_0,FIND_FOOD_WEIRD_FLAG_0,属性_特殊flag,自身没有发现食物有问题
find_food_weird_flag_1,FIND_FOOD_WEIRD_FLAG_1,属性_特殊flag,自身发现食物有问题
t_find_food_weird_flag_0,T_FIND_FOOD_WEIRD_FLAG_0,属性_特殊flag,交互对象没有发现食物有问题
t_find_food_weird_flag_1,T_FIND_FOOD_WEIRD_FLAG_1,属性_特殊flag,交互对象发现食物有问题
swim_flag_0,SWIM_FLAG_0,属性_特殊flag,自身没有游泳状态
swim_flag_1,SWIM_FLAG_1,属性_特殊flag,自身要换泳衣状态
swim_flag_2,SWIM_FLAG_2,属性_特殊flag,自身要游泳状态
bathhouse_entertainment_flag_0,BATHHOUSE_ENTERTAINMENT_FLAG_0,属性_特殊flag,自身没有大浴场娱乐状态
bathhouse_entertainment_flag_1,BATHHOUSE_ENTERTAINMENT_FLAG_1,属性_特殊flag,自身大浴场娱乐_要更衣状态
bathhouse_entertainment_flag_2,BATHHOUSE_ENTERTAINMENT_FLAG_2,属性_特殊flag,自身大浴场娱乐_要娱乐状态
work_maintenance_flag_0,WORK_MAINTENANCE_FLAG_0,属性_特殊flag,自身没有要检修状态
work_maintenance_flag_1,WORK_MAINTENANCE_FLAG_1,属性_特殊flag,自身要检修状态
unconscious_flag_0,UNCONSCIOUS_FLAG_0,属性_特殊flag,自身没有无意识状态
unconscious_flag_1,UNCONSCIOUS_FLAG_1,属性_特殊flag,自身有无意识_睡眠状态
unconscious_flag_2,UNCONSCIOUS_FLAG_2,属性_特殊flag,自身有无意识_醉酒状态
unconscious_flag_3,UNCONSCIOUS_FLAG_3,属性_特殊flag,自身有无意识_时停状态
unconscious_flag_4,UNCONSCIOUS_FLAG_4,属性_特殊flag,自身有无意识_平然状态
unconscious_flag_5,UNCONSCIOUS_FLAG_5,属性_特殊flag,自身有无意识_空气状态
not_unconscious_flag_5,NOT_UNCONSCIOUS_FLAG_5,属性_特殊flag,自身没有无意识_空气状态
unconscious_flag_6,UNCONSCIOUS_FLAG_6,属性_特殊flag,自身有无意识_体控状态
unconscious_flag_7,UNCONSCIOUS_FLAG_7,属性_特殊flag,自身有无意识_心控状态
t_unconscious_flag_0,T_UNCONSCIOUS_FLAG_0,属性_特殊flag,对方没有无意识状态
t_unconscious_flag,T_UNCONSCIOUS_FLAG,属性_特殊flag,对方有无意识状态
t_unconscious_flag_1,T_UNCONSCIOUS_FLAG_1,属性_特殊flag,对方有无意识_睡眠状态
t_unconscious_flag_2,T_UNCONSCIOUS_FLAG_2,属性_特殊flag,对方有无意识_醉酒状态
t_unconscious_flag_3,T_UNCONSCIOUS_FLAG_3,属性_特殊flag,对方有无意识_时停状态
t_unconscious_flag_4,T_UNCONSCIOUS_FLAG_4,属性_特殊flag,对方有无意识_空气状态
t_unconscious_flag_5,T_UNCONSCIOUS_FLAG_5,属性_特殊flag,对方有无意识_平然状态
t_unconscious_flag_6,T_UNCONSCIOUS_FLAG_6,属性_特殊flag,对方有无意识_心控状态
t_unconscious_flag_7,T_UNCONSCIOUS_FLAG_7,属性_特殊flag,对方有无意识_体控状态
help_buy_food_flag_0,HELP_BUY_FOOD_FLAG_0,属性_特殊flag,自身没有帮忙买午饭状态
help_buy_food_flag_1,HELP_BUY_FOOD_FLAG_1,属性_特殊flag,自身要买饭状态
help_buy_food_flag_2,HELP_BUY_FOOD_FLAG_2,属性_特殊flag,自身要买第二份饭状态
help_buy_food_flag_3,HELP_BUY_FOOD_FLAG_3,属性_特殊flag,自身买饭后要送饭状态
help_make_food_flag_0,HELP_MAKE_FOOD_FLAG_0,属性_特殊flag,自身没有帮忙做饭状态
help_make_food_flag_1,HELP_MAKE_FOOD_FLAG_1,属性_特殊flag,自身要做饭状态
help_make_food_flag_2,HELP_MAKE_FOOD_FLAG_2,属性_特殊flag,自身做饭后要送饭状态
morning_salutation_flag_0,MORIING_SALUTATION_FLAG_0,属性_特殊flag,自身没有早安问候状态
morning_salutation_flag_1,MORIING_SALUTATION_FLAG_1,属性_特殊flag,自身要早安问候状态（权重100）
morning_salutation_flag_2,MORIING_SALUTATION_FLAG_2,属性_特殊flag,自身已早安问候状态（权重100）
night_salutation_flag_0,NIGHT_SALUTATION_FLAG_0,属性_特殊flag,自身没有晚安问候状态
night_salutation_flag_1,NIGHT_SALUTATION_FLAG_1,属性_特殊flag,自身要晚安问候状态（权重100）
night_salutation_flag_2,NIGHT_SALUTATION_FLAG_2,属性_特殊flag,自身已晚安问候状态

good_mood,TARGET_GOOD_MOOD,属性_心情,交互对象心情愉快
normal_mood,TARGET_NORMAL_MOOD,属性_心情,交互对象心情普通
bad_mood,TARGET_BAD_MOOD,属性_心情,交互对象心情不好
angry_mood,TARGET_ANGRY_MOOD,属性_心情,交互对象心情愤怒
bad_or_angry_mood,TARGET_ABD_OR_ANGRY_MOOD,属性_心情,交互对象心情不好或愤怒
angry_with_player,TARGET_ANGRY_WITH_PLAYER,属性_心情,交互对象被玩家惹火了
not_angry_with_player,TARGET_NOT_ANGRY_WITH_PLAYER,属性_心情,交互对象没有被玩家惹火

t_lubrication_l_1,T_LUBRICATION_L_1,属性_状态,交互对象润滑<1
t_lubrication_l_3,T_LUBRICATION_L_3,属性_状态,交互对象润滑<3
t_lubrication_l_7,T_LUBRICATION_L_7,属性_状态,交互对象润滑<7
t_lubrication_ge_1,T_LUBRICATION_GE_1,属性_状态,交互对象润滑>=1
t_lubrication_ge_3,T_LUBRICATION_GE_3,属性_状态,交互对象润滑>=3
t_lubrication_ge_5,T_LUBRICATION_GE_5,属性_状态,交互对象润滑>=5
t_lubrication_ge_7,T_LUBRICATION_GE_7,属性_状态,交互对象润滑>=7

t_nfeel_ge_1,T_NFEEL_GE_1,属性_能力,交互对象Ｎ感觉>=1
t_nfeel_ge_3,T_NFEEL_GE_3,属性_能力,交互对象Ｎ感觉>=3
t_nfeel_ge_5,T_NFEEL_GE_5,属性_能力,交互对象Ｎ感觉>=5
t_nfeel_ge_7,T_NFEEL_GE_7,属性_能力,交互对象Ｎ感觉>=7
t_nfeel_l_1,T_NFEEL_L_1,属性_能力,交互对象Ｎ感觉<1
t_nfeel_l_3,T_NFEEL_L_3,属性_能力,交互对象Ｎ感觉<3
t_nfeel_l_5,T_NFEEL_L_5,属性_能力,交互对象Ｎ感觉<5
t_bfeel_ge_1,T_BFEEL_GE_1,属性_能力,交互对象Ｂ感觉>=1
t_bfeel_ge_3,T_BFEEL_GE_3,属性_能力,交互对象Ｂ感觉>=3
t_bfeel_ge_5,T_BFEEL_GE_5,属性_能力,交互对象Ｂ感觉>=5
t_bfeel_ge_7,T_BFEEL_GE_7,属性_能力,交互对象Ｂ感觉>=7
t_bfeel_l_1,T_BFEEL_L_1,属性_能力,交互对象Ｂ感觉<1
t_bfeel_l_3,T_BFEEL_L_3,属性_能力,交互对象Ｂ感觉<3
t_bfeel_l_5,T_BFEEL_L_5,属性_能力,交互对象Ｂ感觉<5
t_cfeel_ge_1,T_CFEEL_GE_1,属性_能力,交互对象Ｃ感觉>=1
t_cfeel_ge_3,T_CFEEL_GE_3,属性_能力,交互对象Ｃ感觉>=3
t_cfeel_ge_5,T_CFEEL_GE_5,属性_能力,交互对象Ｃ感觉>=5
t_cfeel_ge_7,T_CFEEL_GE_7,属性_能力,交互对象Ｃ感觉>=7
t_cfeel_l_1,T_CFEEL_L_1,属性_能力,交互对象Ｃ感觉<1
t_cfeel_l_3,T_CFEEL_L_3,属性_能力,交互对象Ｃ感觉<3
t_cfeel_l_5,T_CFEEL_L_5,属性_能力,交互对象Ｃ感觉<5
pfeel_ge_1,PFEEL_GE_1,属性_能力,Ｐ感觉>=1
pfeel_ge_3,PFEEL_GE_3,属性_能力,Ｐ感觉>=3
pfeel_ge_5,PFEEL_GE_5,属性_能力,Ｐ感觉>=5
pfeel_ge_7,PFEEL_GE_7,属性_能力,Ｐ感觉>=7
pfeel_l_1,PFEEL_L_1,属性_能力,Ｐ感觉<1
pfeel_l_3,PFEEL_L_3,属性_能力,Ｐ感觉<3
pfeel_l_5,PFEEL_L_5,属性_能力,Ｐ感觉<5
t_vfeel_ge_1,T_VFEEL_GE_1,属性_能力,交互对象Ｖ感觉>=1
t_vfeel_ge_3,T_VFEEL_GE_3,属性_能力,交互对象Ｖ感觉>=3
t_vfeel_ge_5,T_VFEEL_GE_5,属性_能力,交互对象Ｖ感觉>=5
t_vfeel_ge_7,T_VFEEL_GE_7,属性_能力,交互对象Ｖ感觉>=7
t_vfeel_l_1,T_VFEEL_L_1,属性_能力,交互对象Ｖ感觉<1
t_vfeel_l_3,T_VFEEL_L_3,属性_能力,交互对象Ｖ感觉<3
t_vfeel_l_5,T_VFEEL_L_5,属性_能力,交互对象Ｖ感觉<5
t_afeel_ge_1,T_AFEEL_GE_1,属性_能力,交互对象Ａ感觉>=1
t_afeel_ge_3,T_AFEEL_GE_3,属性_能力,交互对象Ａ感觉>=3
t_afeel_ge_5,T_AFEEL_GE_5,属性_能力,交互对象Ａ感觉>=5
t_afeel_ge_7,T_AFEEL_GE_7,属性_能力,交互对象Ａ感觉>=7
t_afeel_l_1,T_AFEEL_L_1,属性_能力,交互对象Ａ感觉<1
t_afeel_l_3,T_AFEEL_L_3,属性_能力,交互对象Ａ感觉<3
t_afeel_l_5,T_AFEEL_L_5,属性_能力,交互对象Ａ感觉<5
t_ufeel_ge_1,T_UFEEL_GE_1,属性_能力,交互对象Ｕ感觉>=1
t_ufeel_ge_3,T_UFEEL_GE_3,属性_能力,交互对象Ｕ感觉>=3
t_ufeel_ge_5,T_UFEEL_GE_5,属性_能力,交互对象Ｕ感觉>=5
t_ufeel_ge_7,T_UFEEL_GE_7,属性_能力,交互对象Ｕ感觉>=7
t_ufeel_l_1,T_UFEEL_L_1,属性_能力,交互对象Ｕ感觉<1
t_ufeel_l_3,T_UFEEL_L_3,属性_能力,交互对象Ｕ感觉<3
t_ufeel_l_5,T_UFEEL_L_5,属性_能力,交互对象Ｕ感觉<5
t_wfeel_ge_1,T_WFEEL_GE_1,属性_能力,交互对象Ｗ感觉>=1
t_wfeel_ge_3,T_WFEEL_GE_3,属性_能力,交互对象Ｗ感觉>=3
t_wfeel_ge_5,T_WFEEL_GE_5,属性_能力,交互对象Ｗ感觉>=5
t_wfeel_ge_7,T_WFEEL_GE_7,属性_能力,交互对象Ｗ感觉>=7
t_wfeel_l_1,T_WFEEL_L_1,属性_能力,交互对象Ｗ感觉<1
t_wfeel_l_3,T_WFEEL_L_3,属性_能力,交互对象Ｗ感觉<3
t_wfeel_l_5,T_WFEEL_L_5,属性_能力,交互对象Ｗ感觉<5
technique_ge_3,TECHNIQUE_GE_3,属性_能力,自身技巧技能>=3
technique_ge_5,TECHNIQUE_GE_5,属性_能力,自身技巧技能>=5
t_technique_ge_3,TARGET_TECHNIQUE_GE_3,属性_能力,交互对象技巧技能>=3
t_technique_ge_5,TARGET_TECHNIQUE_GE_5,属性_能力,交互对象技巧技能>=5
t_submit_ge_1,T_SUBMIT_GE_1,属性_能力,交互对象顺从>=1
t_submit_ge_3,T_SUBMIT_GE_3,属性_能力,交互对象顺从>=3
t_submit_ge_5,T_SUBMIT_GE_5,属性_能力,交互对象顺从>=5
t_submit_ge_7,T_SUBMIT_GE_7,属性_能力,交互对象顺从>=7
t_submit_l_1,T_SUBMIT_L_1,属性_能力,交互对象顺从<1
t_submit_l_3,T_SUBMIT_L_3,属性_能力,交互对象顺从<3
t_submit_l_5,T_SUBMIT_L_5,属性_能力,交互对象顺从<5
t_intimacy_8,TARGET_INTIMACY_8,属性_能力,交互对象亲密==8
t_intimacy_le_1,TARGET_INTIMACY_LE_1,属性_能力,交互对象亲密<=1
t_intimacy_ge_3,TARGET_INTIMACY_GE_3,属性_能力,交互对象亲密>=3
t_intimacy_ge_5,TARGET_INTIMACY_GE_5,属性_能力,交互对象亲密>=5
t_desire_ge_5,TARGET_DESIRE_GE_5,属性_能力,交互对象欲望>=5
t_desire_ge_7,TARGET_DESIRE_GE_7,属性_能力,交互对象欲望>=7
t_exhibit_ge_1,T_EXHIBIT_GE_1,属性_能力,交互对象露出>=1
t_exhibit_ge_3,T_EXHIBIT_GE_3,属性_能力,交互对象露出>=3
t_exhibit_ge_5,T_EXHIBIT_GE_5,属性_能力,交互对象露出>=5
t_exhibit_ge_7,T_EXHIBIT_GE_7,属性_能力,交互对象露出>=7
t_exhibit_l_1,T_EXHIBIT_L_1,属性_能力,交互对象露出<1
t_exhibit_l_3,T_EXHIBIT_L_3,属性_能力,交互对象露出<3
t_exhibit_l_5,T_EXHIBIT_L_5,属性_能力,交互对象露出<5
s_ge_1,S_GE_1,属性_能力,施虐>=1
s_ge_3,S_GE_3,属性_能力,施虐>=3
s_ge_5,S_GE_5,属性_能力,施虐>=5
s_ge_7,S_GE_7,属性_能力,施虐>=7
s_l_1,S_L_1,属性_能力,施虐<1
s_l_3,S_L_3,属性_能力,施虐<3
s_l_5,S_L_5,属性_能力,施虐<5
t_s_ge_1,T_S_GE_1,属性_能力,交互对象施虐>=1
t_s_ge_3,T_S_GE_3,属性_能力,交互对象施虐>=3
t_s_ge_5,T_S_GE_5,属性_能力,交互对象施虐>=5
t_s_ge_7,T_S_GE_7,属性_能力,交互对象施虐>=7
t_s_l_1,T_S_L_1,属性_能力,交互对象施虐<1
t_s_l_3,T_S_L_3,属性_能力,交互对象施虐<3
t_s_l_5,T_S_L_5,属性_能力,交互对象施虐<5
m_ge_1,M_GE_1,属性_能力,受虐>=1
m_ge_3,M_GE_3,属性_能力,受虐>=3
m_ge_5,M_GE_5,属性_能力,受虐>=5
m_ge_7,M_GE_7,属性_能力,受虐>=7
m_l_1,M_L_1,属性_能力,受虐<1
m_l_3,M_L_3,属性_能力,受虐<3
m_l_5,M_L_5,属性_能力,受虐<5
t_m_ge_1,T_M_GE_1,属性_能力,交互对象受虐>=1
t_m_ge_3,T_M_GE_3,属性_能力,交互对象受虐>=3
t_m_ge_5,T_M_GE_5,属性_能力,交互对象受虐>=5
t_m_ge_7,T_M_GE_7,属性_能力,交互对象受虐>=7
t_m_l_1,T_M_L_1,属性_能力,交互对象受虐<1
t_m_l_3,T_M_L_3,属性_能力,交互对象受虐<3
t_m_l_5,T_M_L_5,属性_能力,交互对象受虐<5
t_happy_mark_1,T_HAPPY_MARK_1,属性_能力,交互对象快乐刻印==1
t_happy_mark_2,T_HAPPY_MARK_2,属性_能力,交互对象快乐刻印==2
t_happy_mark_3,T_HAPPY_MARK_3,属性_能力,交互对象快乐刻印==3
t_happy_mark_ge_1,T_HAPPY_MARK_GE_1,属性_能力,交互对象快乐刻印>=1
t_happy_mark_le_2,T_HAPPY_MARK_LE_2,属性_能力,交互对象快乐刻印<=2
t_yield_mark_1,T_YIELD_MARK_1,属性_能力,交互对象屈服刻印==1
t_yield_mark_2,T_YIELD_MARK_2,属性_能力,交互对象屈服刻印==2
t_yield_mark_3,T_YIELD_MARK_3,属性_能力,交互对象屈服刻印==3
t_yield_mark_ge_1,T_YIELD_MARK_GE_1,属性_能力,交互对象屈服刻印>=1
t_yield_mark_le_2,T_YIELD_MARK_LE_2,属性_能力,交互对象屈服刻印<=2
talk_le_1,TALK_LE_1,属性_能力,话术技能<=1
talk_ge_3,TALK_GE_3,属性_能力,话术技能>=3
talk_ge_5,TALK_GE_5,属性_能力,话术技能>=5
t_talk_le_1,T_TALK_LE_1,属性_能力,交互对象话术技能<=1
t_talk_ge_3,T_TALK_GE_3,属性_能力,交互对象话术技能>=3
t_talk_ge_5,T_TALK_GE_5,属性_能力,交互对象话术技能>=5
cook_1,COOK_1,属性_能力,自身料理技能==1
cook_2,COOK_2,属性_能力,自身料理技能==2
cook_3,COOK_3,属性_能力,自身料理技能==3
cook_4,COOK_4,属性_能力,自身料理技能==4
cook_le_1,COOK_LE_1,属性_能力,自身料理技能<=1
cook_ge_3,COOK_GE_3,属性_能力,自身料理技能>=3
cook_ge_5,COOK_GE_5,属性_能力,自身料理技能>=5
t_cook_1,TARGET_COOK_1,属性_能力,交互对象料理技能==1
t_cook_2,TARGET_COOK_2,属性_能力,交互对象料理技能==2
t_cook_3,TARGET_COOK_3,属性_能力,交互对象料理技能==3
t_cook_4,TARGET_COOK_4,属性_能力,交互对象料理技能==4
t_cook_le_1,TARGET_COOK_LE_1,属性_能力,交互对象料理技能<=1
t_cook_le_3,TARGET_COOK_LE_3,属性_能力,交互对象料理技能<=3
t_cook_ge_3,TARGET_COOK_GE_3,属性_能力,交互对象料理技能>=3
t_cook_g_3,TARGET_COOK_G_3,属性_能力,交互对象料理技能>3
t_cook_ge_5,TARGET_COOK_GE_5,属性_能力,交互对象料理技能>=5
music_1,MUSIC_1,属性_能力,自身音乐技能==1
music_2,MUSIC_2,属性_能力,自身音乐技能==2
music_3,MUSIC_3,属性_能力,自身音乐技能==3
music_4,MUSIC_4,属性_能力,自身音乐技能==4
music_le_1,MUSIC_LE_1,属性_能力,自身音乐技能<=1
music_ge_3,MUSIC_GE_3,属性_能力,自身音乐技能>=3
music_ge_5,MUSIC_GE_5,属性_能力,自身音乐技能>=5
music_ge_2_le_4,MUSIC_GE_2_LE_4,属性_能力,自身音乐技能>=2,<=4
t_music_1,TARGET_MUSIC_1,属性_能力,交互对象音乐技能==1
t_music_2,TARGET_MUSIC_2,属性_能力,交互对象音乐技能==2
t_music_3,TARGET_MUSIC_3,属性_能力,交互对象音乐技能==3
t_music_4,TARGET_MUSIC_4,属性_能力,交互对象音乐技能==4
t_music_le_1,TARGET_MUSIC_LE_1,属性_能力,交互对象音乐技能<=1
t_music_ge_3,TARGET_MUSIC_GE_3,属性_能力,交互对象音乐技能>=3
t_music_ge_5,TARGET_MUSIC_GE_5,属性_能力,交互对象音乐技能>=5
t_finger_tec_ge_1,T_FINGER_TEC_GE_1,属性_能力,交互对象指技>=1
t_finger_tec_ge_3,T_FINGER_TEC_GE_3,属性_能力,交互对象指技>=3
t_finger_tec_ge_5,T_FINGER_TEC_GE_5,属性_能力,交互对象指技>=5
t_finger_tec_ge_7,T_FINGER_TEC_GE_7,属性_能力,交互对象指技>=7
t_finger_tec_0,T_FINGER_TEC_0,属性_能力,交互对象指技==0
t_finger_tec_l_3,T_FINGER_TEC_L_3,属性_能力,交互对象指技<3

kiss_0,KISS_0,属性_经验,自身亲吻经验==0
kiss_ge_10,KISS_GE_10,属性_经验,自身亲吻经验>=10
t_kiss_0,TARGET_KISS_0,属性_经验,交互对象亲吻经验==0
t_kiss_ge_10,TARGET_KISS_GE_10,属性_经验,交互对象亲吻经验>=10

not_fall,TARGET_NOT_FALL,属性_素质,交互对象无陷落素质
love_1,TARGET_LOVE_1,属性_素质,交互对象拥有思慕（爱情系第一阶段）
love_2,TARGET_LOVE_2,属性_素质,交互对象拥有恋慕（爱情系第二阶段）
love_3,TARGET_LOVE_3,属性_素质,交互对象拥有恋人（爱情系第三阶段）
love_4,TARGET_LOVE_4,属性_素质,交互对象拥有爱侣（爱情系第四阶段）
love_ge_1,TARGET_LOVE_GE_1,属性_素质,交互对象爱情系>=思慕
love_ge_2,TARGET_LOVE_GE_2,属性_素质,交互对象爱情系>=恋慕
love_ge_3,TARGET_LOVE_GE_3,属性_素质,交互对象爱情系>=恋人
love_le_2,TARGET_LOVE_LE_2,属性_素质,交互对象爱情系<=恋慕
obey_1,TARGET_OBEY_1,属性_素质,交互对象拥有屈从（隶属系第一阶段）
obey_2,TARGET_OBEY_2,属性_素质,交互对象拥有驯服（隶属系第二阶段）
obey_3,TARGET_OBEY_3,属性_素质,交互对象拥有宠物（隶属系第三阶段）
obey_4,TARGET_OBEY_4,属性_素质,交互对象拥有奴隶（隶属系第四阶段）
obey_ge_1,TARGET_OBEY_GE_1,属性_素质,交互对象隶属系>=屈从
obey_ge_2,TARGET_OBEY_GE_2,属性_素质,交互对象隶属系>=驯服
obey_ge_3,TARGET_OBEY_GE_3,属性_素质,交互对象隶属系>=宠物
obey_le_2,TARGET_OBEY_LE_2,属性_素质,交互对象隶属系<=驯服
kiss_0,NO_FIRST_KISS,属性_素质,玩家未保有初吻
kiss_1,HAVE_FIRST_KISS,属性_素质,玩家保有初吻
virgin_0,NO_VIRGIN,属性_素质,玩家非童贞
virgin_1,HAVE_VIRGIN,属性_素质,玩家是童贞
a_virgin_0,NO_A_VIRGIN,属性_素质,玩家非A处
a_virgin_1,HAVE_A_VIRGIN,属性_素质,玩家是A处
t_kiss_0,TARGET_NO_FIRST_KISS,属性_素质,交互对象未保有初吻
t_kiss_1,TARGET_HAVE_FIRST_KISS,属性_素质,交互对象保有初吻
t_virgin_0,TARGET_NO_VIRGIN,属性_素质,交互对象非处女
t_virgin_1,TARGET_HAVE_VIRGIN,属性_素质,交互对象是处女
t_a_virgin_0,TARGET_NO_A_VIRGIN,属性_素质,交互对象非A处女
t_a_virgin_1,TARGET_HAVE_A_VIRGIN,属性_素质,交互对象是A处女
t_love_sense_taste_0,T_LOVE_SENSE_TASTE_0,属性_素质,交互对象精爱味觉==0
t_love_sense_taste_1,T_LOVE_SENSE_TASTE_1,属性_素质,交互对象精爱味觉==1
t_sadism_0,T_SADISM_0,属性_素质,交互对象施虐狂==0
t_sadism_1,T_SADISM_1,属性_素质,交互对象施虐狂==1
t_masochism_0,T_MASOCHISM_0,属性_素质,交互对象受虐狂==0
t_masochism_1,T_MASOCHISM_1,属性_素质,交互对象受虐狂==1
t_oestrus_0,T_OESTRUS_0,属性_素质,交互对象发情期==0
t_oestrus_1,T_OESTRUS_1,属性_素质,交互对象发情期==1
is_medical,IS_MEDICAL,属性_素质,自己的职业为医疗
t_is_medical,T_IS_MEDICAL,属性_素质,交互对象的职业为医疗

fertilization_0,FERTILIZATION_0,属性_素质,自己受精==0
fertilization_1,FERTILIZATION_1,属性_素质,自己受精==1
t_fertilization_0,T_FERTILIZATION_0,属性_素质,交互对象受精==0
t_fertilization_1,T_FERTILIZATION_1,属性_素质,交互对象受精==1
pregnancy_0,PREGNANCY_0,属性_素质,自己妊娠==0
pregnancy_1,PREGNANCY_1,属性_素质,自己妊娠==1
t_pregnancy_0,T_PREGNANCY_0,属性_素质,交互对象妊娠==0
t_pregnancy_1,T_PREGNANCY_1,属性_素质,交互对象妊娠==1
parturient_0,PARTURIENT_0,属性_素质,自己临盆==0
parturient_1,PARTURIENT_1,属性_素质,自己临盆==1
t_parturient_0,T_PARTURIENT_0,属性_素质,交互对象临盆==0
t_parturient_1,T_PARTURIENT_1,属性_素质,交互对象临盆==1
postpartum_0,POSTPARTUM_0,属性_素质,自己产后==0
postpartum_1,POSTPARTUM_1,属性_素质,自己产后==1
t_postpartum_0,T_POSTPARTUM_0,属性_素质,交互对象产后==0
t_postpartum_1,T_POSTPARTUM_1,属性_素质,交互对象产后==1
rearing_0,REARING_0,属性_素质,自己育儿==0
rearing_1,REARING_1,属性_素质,自己育儿==1
t_rearing_0,T_REARING_0,属性_素质,交互对象育儿==0
t_rearing_1,T_REARING_1,属性_素质,交互对象育儿==1
inflation_0,INFLATION_0,属性_素质,自己孕肚==0
inflation_1,INFLATION_1,属性_素质,自己孕肚==1
t_inflation_0,T_INFLATION_0,属性_素质,交互对象孕肚==0
t_inflation_1,T_INFLATION_1,属性_素质,交互对象孕肚==1
cumflation_0,CUMFLATION_0,属性_素质,自己精液膨腹==0
cumflation_1,CUMFLATION_1,属性_素质,自己精液膨腹==1
t_cumflation_0,T_CUMFLATION_0,属性_素质,交互对象精液膨腹==0
t_cumflation_1,T_CUMFLATION_1,属性_素质,交互对象精液膨腹==1
lactation_0,LACTATION_0,属性_素质,自己泌乳==0
lactation_1,LACTATION_1,属性_素质,自己泌乳==1
t_lactation_0,T_LACTATION_0,属性_素质,交互对象泌乳==0
t_lactation_1,T_LACTATION_1,属性_素质,交互对象泌乳==1
t_baby_1,T_BABY_1,属性_素质,交互对象婴儿==1

t_child_or_loli_1,T_CHILD_OR_LOLI_1,属性_素质,交互对象幼女或萝莉==1
breast_0,TARGET_CHEST_IS_CLIFF,属性_素质,交互对象胸部大小是绝壁
breast_1,TARGET_CHEST_IS_SMALL,属性_素质,交互对象胸部大小是贫乳
breast_2,TARGET_CHEST_IS_NORMAL,属性_素质,交互对象胸部大小是普乳
breast_3,TARGET_CHEST_IS_BIG,属性_素质,交互对象胸部大小是巨乳
breast_4,TARGET_CHEST_IS_SUPER,属性_素质,交互对象胸部大小是爆乳
buttock_0,TARGET_BUTTOCKS_IS_SMALL,属性_素质,交互对象臀部大小是小臀
buttock_1,TARGET_BUTTOCKS_IS_NORMAL,属性_素质,交互对象臀部大小是普臀
buttock_2,TARGET_BUTTOCKS_IS_BIG,属性_素质,交互对象臀部大小是巨臀

ear_0,TARGET_HAVE_NO_EARS,属性_素质,交互对象没有兽耳
ear_1,TARGET_HAVE_EARS,属性_素质,交互对象有兽耳
horn_0,TARGET_HAVE_NO_HORN,属性_素质,交互对象没有兽角
horn_1,TARGET_HAVE_HORN,属性_素质,交互对象有兽角
tail_0,TARGET_HAVE_NO_TAIL,属性_素质,交互对象没有兽尾
tail_1,TARGET_HAVE_TAIL,属性_素质,交互对象有兽尾
ring_0,TARGET_HAVE_NO_RING,属性_素质,交互对象没有光环
ring_1,TARGET_HAVE_RING,属性_素质,交互对象有光环
wing_0,TARGET_HAVE_NO_WING,属性_素质,交互对象没有光翼
wing_1,TARGET_HAVE_WING,属性_素质,交互对象有光翼
tentacle_0,TARGET_HAVE_NO_TENTACLE,属性_素质,交互对象没有触手
tentacle_1,TARGET_HAVE_TENTACLE,属性_素质,交互对象有触手
car_0,TARGET_HAVE_NO_CAR,属性_素质,交互对象没有小车
car_1,TARGET_HAVE_CAR,属性_素质,交互对象有小车
patient_0,TARGET_NOT_PATIENT,属性_素质,交互对象不是源石病感染者
patient_1,TARGET_IS_PATIENT,属性_素质,交互对象是源石病感染者
crystal_0,TARGET_HAVE_NO_CRYSTAL,属性_素质,交互对象没有体表源石结晶
crystal_1,TARGET_HAVE_CRYSTAL,属性_素质,交互对象有体表源石结晶
diligent_0,TARGET_HAVE_NO_DILIGENT,属性_素质,交互对象非勤劳
diligent_1,TARGET_HAVE_DILIGENT,属性_素质,交互对象勤劳
lazy_0,TARGET_HAVE_NO_LAZY,属性_素质,交互对象非懒散
lazy_1,TARGET_HAVE_LAZY,属性_素质,交互对象懒散
fragile_0,TARGET_HAVE_NO_FRAGILE,属性_素质,交互对象非脆弱
fragile_1,TARGET_HAVE_FRAGILE,属性_素质,交互对象脆弱
forceful_0,TARGET_HAVE_NO_FORCEFUL,属性_素质,交互对象非坚强
forceful_1,TARGET_HAVE_FORCEFUL,属性_素质,交互对象坚强
enthusiactic_0,TARGET_HAVE_NO_ENTHUSIACTIC,属性_素质,交互对象非热情
enthusiactic_1,TARGET_HAVE_ENTHUSIACTIC,属性_素质,交互对象热情
alone_0,TARGET_HAVE_NO_ALONE,属性_素质,交互对象非孤僻
alone_1,TARGET_HAVE_ALONE,属性_素质,交互对象孤僻
shame_0,TARGET_HAVE_NO_SHAME,属性_素质,交互对象非羞耻
shame_1,TARGET_HAVE_SHAME,属性_素质,交互对象羞耻
open_0,TARGET_HAVE_NO_OPEN,属性_素质,交互对象非开放
open_1,TARGET_HAVE_OPEN,属性_素质,交互对象开放

primary_hypnosis,PRIMARY_HYPNOSIS,属性_源石技艺,拥有初级催眠
intermediate_hypnosis,INTERMEDIATE_HYPNOSIS,属性_源石技艺,拥有中级催眠
advanced_hypnosis,ADVANCED_HYPNOSIS,属性_源石技艺,拥有高级催眠
special_hypnosis,SPECIAL_HYPNOSIS,属性_源石技艺,拥有特级催眠
t_has_been_hypnosis,TARGET_HAS_BEEN_HYPNOSIS,属性_源石技艺,交互对象已经被催眠
t_has_not_been_hypnosis,TARGET_HAS_NOT_BEEN_HYPNOSIS,属性_源石技艺,交互对象没有被催眠
t_has_been_primary_hypnosis,TARGET_HAS_BEEN_PRIMARY_HYPNOSIS,属性_源石技艺,交互对象已经被浅层催眠
t_has_been_deep_hypnosis,TARGET_HAS_BEEN_DEEP_HYPNOSIS,属性_源石技艺,交互对象已经被深层催眠
t_has_been_complete_hypnosis,TARGET_HAS_BEEN_COMPLETE_HYPNOSIS,属性_源石技艺,交互对象已经被完全催眠
in_hypnosis,IN_HYPNOSIS,属性_源石技艺,自己正在被催眠中
not_in_hypnosis,NOT_IN_HYPNOSIS,属性_源石技艺,自己没有正在被催眠
t_in_hypnosis,TARGET_IN_HYPNOSIS,属性_源石技艺,交互对象正在被催眠中
t_not_in_hypnosis,TARGET_NOT_IN_HYPNOSIS,属性_源石技艺,交互对象没有正在被催眠
primary_penetrating_vision,PRIMARY_PENETRATING_VISION,属性_源石技艺,拥有初级透视
intermediate_penetrating_vision,INTERMEDIATE_PENETRATING_VISION,属性_源石技艺,拥有中级透视
advanced_penetrating_vision,ADVANCED_PENETRATING_VISION,属性_源石技艺,拥有高级透视
penetrating_vision_on,PENETRATING_VISION_ON,属性_源石技艺,透视开启中
penetrating_vision_off,PENETRATING_VISION_OFF,属性_源石技艺,透视关闭中
primary_hormone,PRIMARY_HORMONE,属性_源石技艺,拥有初级信息素
intermediate_hormone,INTERMEDIATE_HORMONE,属性_源石技艺,拥有中级信息素
advanced_hormone,ADVANCED_HORMONE,属性_源石技艺,拥有高级信息素
hormone_on,HORMONE_ON,属性_源石技艺,信息素开启中
hormone_off,HORMONE_OFF,属性_源石技艺,信息素关闭中
primary_telekinesis,PRIMARY_TELEKINESIS,属性_源石技艺,拥有初级隔空肢体
intermediate_telekinesis,INTERMEDIATE_TELEKINESIS,属性_源石技艺,拥有中级隔空肢体
advanced_telekinesis,ADVANCED_TELEKINESIS,属性_源石技艺,拥有高级隔空肢体

work_is_maintenance_engineer,WORK_IS_MAINTENANCE_ENGINEER,属性_工作,自己的工作为检修工程师
work_is_blacksmith,WORK_IS_BLACKSMITH,属性_工作,自己的工作为铁匠
work_is_doctor,WORK_IS_DOCTOR,属性_工作,自己的工作为医生
work_is_hr,WORK_IS_HR,属性_工作,自己的工作为招募专员
work_is_library_manager,WORK_IS_LIBRARY_MANAGER,属性_工作,自己的工作为图书馆管理员
t_work_is_library_manager,T_WORK_IS_LIBRARY_MANAGER,属性_工作,交互对象的工作为图书馆管理员
work_is_teacher,WORK_IS_TEACHER,属性_工作,自己的工作为教师
work_is_student,WORK_IS_STUDENT,属性_工作,自己的工作为学生
work_is_combat_training,WORK_IS_COMBAT_TRAINING,属性_工作,自己的工作为训练学员
work_is_cook,WORK_IS_COOK,属性_工作,自己的工作为厨师
work_is_production_worker,WORK_IS_PRODUCTION_WORKER,属性_工作,自己的工作为生产工人
work_is_massage_therapist,WORK_IS_MASSAGE_THERAPIST,属性_工作,自己的工作为按摩师
work_is_diplomat,WORK_IS_DIPLOMAT,属性_工作,自己的工作为外交官
work_is_medicinal_planter,WORK_IS_MEDICINAL_PLANTER,属性_工作,自己的工作为药材种植员
work_is_floral_planter,WORK_IS_FLORAL_PLANTER,属性_工作,自己的工作为花草种植员

entertainment_is_read,ENTERTAINMENT_IS_READ,属性_娱乐,自己当前时段的娱乐为读书
entertainment_is_sing,ENTERTAINMENT_IS_SING,属性_娱乐,自己当前时段的娱乐为唱歌
entertainment_is_play_classic_instrument,ENTERTAINMENT_IS_PLAY_CLASSIC_INSTRUMENT,属性_娱乐,自己当前时段的娱乐为演奏传统乐器
entertainment_is_play_moden_instrument,ENTERTAINMENT_IS_PLAY_MODEN_INSTRUMENT,属性_娱乐,自己当前时段的娱乐为演奏现代乐器
entertainment_is_watch_movie,ENTERTAINMENT_IS_WATCH_MOVIE,属性_娱乐,自己当前时段的娱乐为看电影
entertainment_is_photography,ENTERTAINMENT_IS_PHOTOGRAPHY,属性_娱乐,自己当前时段的娱乐为摄影
entertainment_is_play_water,ENTERTAINMENT_IS_PLAY_WATER,属性_娱乐,自己当前时段的娱乐为玩水
entertainment_is_play_chess,ENTERTAINMENT_IS_PLAY_CHESS,属性_娱乐,自己当前时段的娱乐为下棋
entertainment_is_play_mahjong,ENTERTAINMENT_IS_PLAY_MAHJONG,属性_娱乐,自己当前时段的娱乐为打麻将
entertainment_is_play_cards,ENTERTAINMENT_IS_PLAY_CARDS,属性_娱乐,自己当前时段的娱乐为打牌
entertainment_is_rehearse_dance,ENTERTAINMENT_IS_REHEARSE_DANCE,属性_娱乐,自己当前时段的娱乐为排演舞剧
entertainment_is_play_arcade_game,ENTERTAINMENT_IS_PLAY_ARCADE_GAME,属性_娱乐,自己当前时段的娱乐为玩街机游戏
entertainment_is_swimming,ENTERTAINMENT_IS_SWIMMING,属性_娱乐,自己当前时段的娱乐为游泳
entertainment_is_taste_wine,ENTERTAINMENT_IS_TASTE_WINE,属性_娱乐,自己当前时段的娱乐为品酒
entertainment_is_taste_tea,ENTERTAINMENT_IS_TASTE_TEA,属性_娱乐,自己当前时段的娱乐为品茶
entertainment_is_taste_coffee,ENTERTAINMENT_IS_TASTE_COFFEE,属性_娱乐,自己当前时段的娱乐为品咖啡
entertainment_is_taste_dessert,ENTERTAINMENT_IS_TASTE_DESSERT,属性_娱乐,自己当前时段的娱乐为品尝点心
entertainment_is_taste_food,ENTERTAINMENT_IS_TASTE_FOOD,属性_娱乐,自己当前时段的娱乐为品尝美食
entertainment_is_play_house,ENTERTAINMENT_IS_PLAY_HOUSE,属性_娱乐,自己当前时段的娱乐为过家家
entertainment_is_style_hair,ENTERTAINMENT_IS_STYLE_HAIR,属性_娱乐,自己当前时段的娱乐为修整发型
entertainment_is_full_body_styling,ENTERTAINMENT_IS_FULL_BODY_STYLING,属性_娱乐,自己当前时段的娱乐为全身造型服务
entertainment_is_bathhouse_type,ENTERTAINMENT_IS_BATHHOUSE_TYPE,属性_娱乐,自己当前时段的娱乐为大浴场类的娱乐
scene_someone_entertainment_is_bathhouse_type,SCENE_SOMEONE_ENTERTAINMENT_IS_BATHHOUSE_TYPE,属性_娱乐,当前场景里有人当前时段的娱乐为大浴场类的娱乐
entertainment_is_bathhouse_shower_cloth_type,ENTERTAINMENT_IS_BATHHOUSE_SHOWER_CLOTH_TYPE,属性_娱乐,自己当前时段的娱乐为大浴场类_需要换浴衣的娱乐
entertainment_is_soak_feet,ENTERTAINMENT_IS_SOAK_FEET,属性_娱乐,自己当前时段的娱乐为泡脚
entertainment_is_steam_sauna,ENTERTAINMENT_IS_STEAM_SAUNA,属性_娱乐,自己当前时段的娱乐为蒸桑拿
entertainment_is_hydrotherapy_treatment,ENTERTAINMENT_IS_HYDROTHERAPY_TREATMENT,属性_娱乐,自己当前时段的娱乐为水疗护理
entertainment_is_onsen_bath,ENTERTAINMENT_IS_ONSEN_BATH,属性_娱乐,自己当前时段的娱乐为泡温泉

t_not_wear_hat,TARGET_NOT_WEAR_HAT,属性_服装,交互对象没有穿着帽子
t_not_wear_glass,TARGET_NOT_WEAR_GLASS,属性_服装,交互对象没有戴着眼镜
t_not_wear_in_ear,TARGET_NOT_WEAR_IN_EAR,属性_服装,交互对象没有戴耳饰
t_not_wear_in_neck,TARGET_NOT_WEAR_IN_NECK,属性_服装,交互对象没有戴脖饰
t_not_wear_in_mouse,TARGET_NOT_WEAR_IN_MOUSE,属性_服装,交互对象没有戴口饰
t_not_wear_in_up,TARGET_NOT_WEAR_IN_UP,属性_服装,交互对象没有穿着上衣
wear_bra,WEAR_BRA,属性_服装,穿着胸衣
t_wear_bra,TARGET_WEAR_BRA,属性_服装,交互对象穿着胸衣
t_not_wear_bra,TARGET_NOT_WEAR_BRA,属性_服装,交互对象没有穿着胸衣
t_wear_gloves,TARGET_WEAR_GLOVES,属性_服装,交互对象戴着手套
t_not_wear_gloves,TARGET_NOT_WEAR_GLOVES,属性_服装,交互对象没有戴着手套
t_not_wear_in_down,TARGET_NOT_WEAR_IN_DOWN,属性_服装,交互对象没有穿着下衣
wear_skirt,WEAR_SKIRT,属性_服装,穿着裙子
t_wear_skirt,TARGET_WEAR_SKIRT,属性_服装,交互对象穿着裙子
t_wear_trousers,TARGET_WEAR_TROUSERS,属性_服装,交互对象穿着裤子
wear_pan,WEAR_PAN,属性_服装,穿着内裤
t_wear_pan,TARGET_WEAR_PAN,属性_服装,交互对象穿着内裤
t_not_wear_pan,TARGET_NOT_WEAR_PAN,属性_服装,交互对象没有穿着内裤
wear_socks,WEAR_SOCKS,属性_服装,穿着袜子
t_wear_socks,TARGET_WEAR_SOCKS,属性_服装,交互对象穿着袜子
t_not_wear_socks,TARGET_NOT_WEAR_SOCKS,属性_服装,交互对象没有穿着袜子
t_not_wear_shoes,TARGET_NOT_WEAR_SHOES,属性_服装,交互对象没有穿着鞋子
t_not_take_weapon,TARGET_NOT_TAKE_WEAPON,属性_服装,交互对象没有拿着武器
t_not_take_extras,TARGET_NOT_TAKE_EXTRAS,属性_服装,交互对象没有拿着附属物
cloth_off,CLOTH_OFF,属性_服装,当前全裸
not_cloth_off,NOT_CLOTH_OFF,属性_服装,当前不是全裸
cloth_most_off,CLOTH_MOST_OFF,属性_服装,当前大致全裸（没穿上下外衣内衣）
not_cloth_most_off,NOT_CLOTH_MOST_OFF,属性_服装,当前不是大致全裸（没穿上下外衣内衣）
shower_cloth,SHOWER_CLOTH,属性_服装,围着浴巾
not_shower_cloth,NOT_SHOWER_CLOTH,属性_服装,没有围着浴巾

a_shit,A_SHIT,污浊_身体,肠内脏污
t_a_shit,T_A_SHIT,污浊_身体,交互对象肠内脏污
enema,ENEMA,污浊_身体,正在灌肠中（含全种类灌肠）
t_enema,T_ENEMA,污浊_身体,交互对象正在灌肠中（含全种类灌肠）
not_enema,NOT_ENEMA,污浊_身体,非灌肠中（含全种类灌肠）
t_not_enema,T_NOT_ENEMA,污浊_身体,交互对象非灌肠中（含全种类灌肠）
enema_end,ENEMA_END,污浊_身体,已灌肠（含全种类灌肠）
t_enema_end,T_ENEMA_END,污浊_身体,交互对象已灌肠（含全种类灌肠）
normal_enema,NORMAL_ENEMA,污浊_身体,普通灌肠中
t_normal_enema,T_NORMAL_ENEMA,污浊_身体,交互对象普通灌肠中
semen_enema,SEMEN_ENEMA,污浊_身体,精液灌肠中
t_semen_enema,T_SEMEN_ENEMA,污浊_身体,交互对象精液灌肠中
normal_enema_end,NORMAL_ENEMA_END,污浊_身体,已普通灌肠
t_normal_enema_end,T_NORMAL_ENEMA_END,污浊_身体,交互对象已普通灌肠
semen_enema_end,SEMEN_ENEMA_END,污浊_身体,已精液灌肠
t_semen_enema_end,T_SEMEN_ENEMA_END,污浊_身体,交互对象已精液灌肠
t_hair_semen,T_HAIR_SEMEN,污浊_身体,交互对象当前头发有精液
t_womb_semen,T_WOMB_SEMEN,污浊_身体,交互对象当前子宫有精液

hat_semen,HAT_SEMEN,污浊_服装,自身当前帽子有精液
t_hat_semen,T_HAT_SEMEN,污浊_服装,交互对象当前帽子有精液
glass_semen,GLASS_SEMEN,污浊_服装,自身当前眼镜有精液
t_glass_semen,T_GLASS_SEMEN,污浊_服装,交互对象当前眼镜有精液
in_ear_semen,IN_EAR_SEMEN,污浊_服装,自身当前耳饰有精液
t_in_ear_semen,T_IN_EAR_SEMEN,污浊_服装,交互对象当前耳饰有精液
in_neck_semen,IN_NECK_SEMEN,污浊_服装,自身当前脖饰有精液
t_in_neck_semen,T_IN_NECK_SEMEN,污浊_服装,交互对象当前脖饰有精液
in_mouse_semen,IN_MOUSE_SEMEN,污浊_服装,自身当前口饰有精液
t_in_mouse_semen,T_IN_MOUSE_SEMEN,污浊_服装,交互对象当前口饰有精液
up_cloth_semen,UP_CLOTH_SEMEN,污浊_服装,自身当前上衣有精液
t_up_cloth_semen,T_UP_CLOTH_SEMEN,污浊_服装,交互对象当前上衣有精液
bra_semen,BRA_SEMEN,污浊_服装,自身当前胸衣有精液
t_bra_semen,T_BRA_SEMEN,污浊_服装,交互对象当前胸衣有精液
glove_semen,GLOVE_SEMEN,污浊_服装,自身当前手套有精液
t_glove_semen,T_GLOVE_SEMEN,污浊_服装,交互对象当前手套有精液
down_cloth_semen,DOWN_CLOTH_SEMEN,污浊_服装,自身当前下衣有精液
t_botton_cloth_semen,T_BOTTOM_CLOTH_SEMEN,污浊_服装,交互对象当前下衣有精液
pan_semen,PAN_SEMEN,污浊_服装,自身当前内裤有精液
t_pan_semen,T_PAN_SEMEN,污浊_服装,交互对象当前内裤有精液
socks_semen,SOCKS_SEMEN,污浊_服装,自身当前袜子有精液
t_socks_semen,T_SOCKS_SEMEN,污浊_服装,交互对象当前袜子有精液
shoes_semen,SHOES_SEMEN,污浊_服装,自身当前鞋子有精液
t_shoes_semen,T_SHOES_SEMEN,污浊_服装,交互对象当前鞋子有精液
weapon_semen,WEAPON_SEMEN,污浊_服装,自身当前武器有精液
t_weapon_semen,T_WEAPON_SEMEN,污浊_服装,交互对象当前武器有精液
extras_semen,EXTRAS_SEMEN,污浊_服装,自身当前附属物有精液
t_extras_semen,T_EXTRAS_SEMEN,污浊_服装,交互对象当前附属物有精液

penis_in_t_hair,PENIS_IN_T_HAIR,H_射精与绝顶,当前阴茎位置为交互对象_发交中
penis_in_t_face,PENIS_IN_T_FACE,H_射精与绝顶,当前阴茎位置为交互对象_阴茎蹭脸中
penis_in_t_mouse,PENIS_IN_T_MOUSE,H_射精与绝顶,当前阴茎位置为交互对象_口交中
penis_in_t_breast,PENIS_IN_T_BREAST,H_射精与绝顶,当前阴茎位置为交互对象_乳交中
penis_in_t_axilla,PENIS_IN_T_AXILLA,H_射精与绝顶,当前阴茎位置为交互对象_腋交中
penis_in_t_hand,PENIS_IN_T_HAND,H_射精与绝顶,当前阴茎位置为交互对象_手交中
penis_in_t_vagina,PENIS_IN_T_VAGINA,H_射精与绝顶,当前阴茎位置为交互对象_V插入中
penis_in_t_womb,PENIS_IN_T_WOMB,H_射精与绝顶,当前阴茎位置为交互对象_W插入中
penis_in_t_anal,PENIS_IN_T_ANAL,H_射精与绝顶,当前阴茎位置为交互对象_A插入中
penis_in_t_nrethral,PENIS_IN_T_URETHRAL,H_射精与绝顶,当前阴茎位置为交互对象_U插入中
penis_in_t_leg,PENIS_IN_T_LEG,H_射精与绝顶,当前阴茎位置为交互对象_腿交中
penis_in_t_foot,PENIS_IN_T_FOOT,H_射精与绝顶,当前阴茎位置为交互对象_足交中
penis_in_t_tail,PENIS_IN_T_TAIL,H_射精与绝顶,当前阴茎位置为交互对象_尾交中
penis_in_t_horn,PENIS_IN_T_HORN,H_射精与绝顶,当前阴茎位置为交互对象_阴茎蹭角中
penis_in_t_ears,PENIS_IN_T_EARS,H_射精与绝顶,当前阴茎位置为交互对象_阴茎蹭耳朵中
shoot_in_t_body,SHOOT_IN_T_BODY,H_射精与绝顶,在交互对象的身体上射精（即含全部位）
shoot_in_t_hair,SHOOT_IN_T_HAIR,H_射精与绝顶,在交互对象的头发射精
shoot_in_t_face,SHOOT_IN_T_FACE,H_射精与绝顶,在交互对象的脸部射精
shoot_in_t_mouse,SHOOT_IN_T_MOUSE,H_射精与绝顶,在交互对象的口腔射精
shoot_in_t_breast,SHOOT_IN_T_BREAST,H_射精与绝顶,在交互对象的胸部射精
shoot_in_t_axilla,SHOOT_IN_T_AXILLA,H_射精与绝顶,在交互对象的腋部射精
shoot_in_t_hand,SHOOT_IN_T_HAND,H_射精与绝顶,在交互对象的手部射精
shoot_in_t_vagina,SHOOT_IN_T_VAGINA,H_射精与绝顶,在交互对象的小穴射精
shoot_in_t_womb,SHOOT_IN_T_WOMB,H_射精与绝顶,在交互对象的子宫射精
shoot_in_t_anal,SHOOT_IN_T_ANAL,H_射精与绝顶,在交互对象的后穴射精
shoot_in_t_nrethral,SHOOT_IN_T_URETHRAL,H_射精与绝顶,在交互对象的尿道射精
shoot_in_t_leg,SHOOT_IN_T_LEG,H_射精与绝顶,在交互对象的腿部射精
shoot_in_t_foot,SHOOT_IN_T_FOOT,H_射精与绝顶,在交互对象的脚部射精
shoot_in_t_tail,SHOOT_IN_T_TAIL,H_射精与绝顶,在交互对象的尾巴射精
shoot_in_t_horn,SHOOT_IN_T_HORN,H_射精与绝顶,在交互对象的兽角射精
shoot_in_t_ears,SHOOT_IN_T_EARS,H_射精与绝顶,在交互对象的兽耳射精
shoot_in_t_cloth,SHOOT_IN_T_CLOTH,H_射精与绝顶,在交互对象的衣服上射精（含全部位）
t_turn_orgasm_0,T_TURN_ORGASM_0,H_射精与绝顶,交互对象本次H中还没有绝顶
t_turn_orgasm_g_1,T_TURN_ORGASM_G_1,H_射精与绝顶,交互对象本次H中绝顶次数>1
t_turn_orgasm_g_5,T_TURN_ORGASM_G_5,H_射精与绝顶,交互对象本次H中绝顶次数>5
t_turn_orgasm_g_10,T_TURN_ORGASM_G_10,H_射精与绝顶,交互对象本次H中绝顶次数>10
t_turn_n_orgasm_g_3,T_TURN_N_ORGASM_G_3,H_射精与绝顶,交互对象本次H中N绝顶次数>3
t_turn_b_orgasm_g_3,T_TURN_B_ORGASM_G_3,H_射精与绝顶,交互对象本次H中B绝顶次数>3
t_turn_c_orgasm_g_3,T_TURN_C_ORGASM_G_3,H_射精与绝顶,交互对象本次H中C绝顶次数>3
turn_p_orgasm_g_1,TURN_P_ORGASM_G_1,H_射精与绝顶,玩家本次H中射精次数>1
turn_p_orgasm_g_3,TURN_P_ORGASM_G_3,H_射精与绝顶,玩家本次H中射精次数>3
t_turn_v_orgasm_g_3,T_TURN_V_ORGASM_G_3,H_射精与绝顶,交互对象本次H中V绝顶次数>3
t_turn_a_orgasm_g_3,T_TURN_A_ORGASM_G_3,H_射精与绝顶,交互对象本次H中A绝顶次数>3
t_turn_u_orgasm_g_3,T_TURN_U_ORGASM_G_3,H_射精与绝顶,交互对象本次H中U绝顶次数>3
t_turn_w_orgasm_g_3,T_TURN_W_ORGASM_G_3,H_射精与绝顶,交互对象本次H中W绝顶次数>3
t_turn_m_orgasm_g_3,T_TURN_M_ORGASM_G_3,H_射精与绝顶,交互对象本次H中M绝顶次数>3

have_food,HAVE_FOOD,道具_持有,拥有食物
not_have_food,NOT_HAVE_FOOD,道具_持有,未拥有食物
have_camera,HAVE_CAMERA,道具_持有,已持有相机
have_video_recorder,HAVE_VIDEO_RECORDER,道具_持有,已持有录像机
have_instrument,HAVE_INSTRUMENT,道具_持有,已持有乐器
have_nipple_clamp,HAVE_NIPPLE_CLAMP,道具_持有,已持有乳头夹
have_love_egg,HAVE_LOVE_EGG,道具_持有,已持有跳蛋
have_clit_clamp,HAVE_CLIT_CLAMP,道具_持有,已持有阴蒂夹
have_electric_message_stick,HAVE_ELECTRIC_MESSAGE_STICK,道具_持有,已持有电动按摩棒
have_vibrator,HAVE_VIBRATOR,道具_持有,已持有震动棒
have_milking_machine,HAVE_MILKING_MACHINE,道具_持有,已持有搾乳机
have_urine_collector,HAVE_URINE_COLLECTOR,道具_持有,已持有采尿器
have_bondage,HAVE_BONDAGE,道具_持有,已持有绳子
have_patch,HAVE_PATCH,道具_持有,已持有眼罩
have_big_vibrator,HAVE_BIG_VIBRATOR,道具_持有,已持有加粗震动棒
have_huge_vibrator,HAVE_HUGE_VIBRATOR,道具_持有,已持有巨型震动棒
have_clyster_tools,HAVE_CLYSTER_TOOLS,道具_持有,已持有灌肠套装
have_anal_beads,HAVE_ANAL_BEADS,道具_持有,已持有拉珠
have_anal_plug,HAVE_ANAL_PLUG,道具_持有,已持有肛塞
have_whip,HAVE_WHIP,道具_持有,已持有鞭子
have_needle,HAVE_NEEDLE,道具_持有,已持有针
have_condom,HAVE_CONDOM,道具_持有,已持有避孕套
have_safe_candles,HAVE_SAFE_CANDLES,道具_持有,已持有低温蜡烛
have_cotton_stick,HAVE_COTTON_STICK,道具_持有,已持有无菌棉签
have_birth_control_pills_before,HAVE_BIRTH_CONTROL_PILLS_BEFORE,道具_持有,已持有事前避孕药
have_birth_control_pills_after,HAVE_BIRTH_CONTROL_PILLS_AFTER,道具_持有,已持有事后避孕药
have_body_lubricant,HAVE_BODY_LUBRICANT,道具_持有,已持有润滑液
have_philter,HAVE_PHILTER,道具_持有,已持有媚药
have_enemas,HAVE_ENEMAS,道具_持有,已持有灌肠液
have_diuretics_once,HAVE_DIURETICS_ONCE,道具_持有,已持有一次性利尿剂
have_diuretics_persistent,HAVE_DIURETICS_PERSISTENT,道具_持有,已持有持续性利尿剂
have_sleeping_pills,HAVE_SLEEPING_PILLS,道具_持有,已持有安眠药
have_clomid,HAVE_CLOMID,道具_持有,已持有排卵促进药
have_ring,HAVE_RING,道具_持有,已持有戒指
have_collar,HAVE_COLLAR,道具_持有,已持有项圈
have_bag,HAVE_BAG,道具_持有,已持有干员携袋

target_now_nipple_clamp,TARGET_NOW_NIPPLE_CLAMP,道具_使用,交互对象正在乳头夹
target_not_nipple_clamp,TARGET_NOT_NIPPLE_CLAMP,道具_使用,交互对象没有在乳头夹
target_now_clit_clamp,TARGET_NOW_CLIT_CLAMP,道具_使用,交互对象正在阴蒂夹
target_not_clit_clamp,TARGET_NOT_CLIT_CLAMP,道具_使用,交互对象没有在阴蒂夹
target_now_anal_beads,TARGET_NOW_ANAL_BEADS,道具_使用,交互对象正在肛门拉珠
target_not_anal_beads,TARGET_NOT_ANAL_BEADS,道具_使用,交互对象没有在肛门拉珠
target_now_vibrator_insertion,TARGET_NOW_VIBRATOR_INSERTION,道具_使用,交互对象V正插入震动棒
target_not_vibrator_insertion,TARGET_NOT_VIBRATOR_INSERTION,道具_使用,交互对象V没有在插入震动棒
target_now_vibrator_insertion_anal,TARGET_NOW_VIBRATOR_INSERTION_ANAL,道具_使用,交互对象A正插入震动棒
target_not_vibrator_insertion,TARGET_NOT_VIBRATOR_INSERTION_ANAL,道具_使用,交互对象A没有在插入震动棒
target_now_milking_machine,TARGET_NOW_MILKING_MACHINE,道具_使用,交互对象正在搾乳机
target_not_milking_machine,TARGET_NOT_MILKING_MACHINE,道具_使用,交互对象没有在搾乳机

have_collection,HAVE_COLLECTION,收集,持有藏品
c_bonus_103,COLLECT_BONUS_102,收集,收藏奖励_102_解锁索要内裤
c_bonus_203,COLLECT_BONUS_202,收集,收藏奖励_202_解锁索要袜子

patient_wait,PATIENT_WAIT,经营,有患者正等待就诊
new_npc_wait,NEW_NPC_WAIT,经营,有已招募待确认的干员
have_office_work_need_to_do,HAVE_OFFICE_WORK_NEED_TO_DO,经营,有需要处理的公务

pl_action_sleep,PL_ACTION_SLEEP,行动,玩家正在睡觉
pl_action_not_sleep,PL_ACTION_NOT_SLEEP,行动,玩家没有在睡觉
action_sleep,ACTION_SLEEP,行动,自己正在睡觉
action_not_sleep,ACTION_NOT_SLEEP,行动,自己没有在睡觉
t_action_sleep,T_ACTION_SLEEP,行动,交互对象正在睡觉
t_action_not_sleep,T_ACTION_NOT_SLEEP,行动,交互对象没有在睡觉
pl_action_food_normal,PL_ACTION_FOOD_NORMAL,行动,食物调味_正常
pl_action_food_sour,PL_ACTION_FOOD_SOUR,行动,食物调味_酸
pl_action_food_sweet,PL_ACTION_FOOD_SWEET,行动,食物调味_甜
pl_action_food_bitter,PL_ACTION_FOOD_BITTER,行动,食物调味_苦
pl_action_food_spicy,PL_ACTION_FOOD_SPICY,行动,食物调味_辣
pl_action_food_sement_hidden,PL_ACTION_FOOD_SEMEN_HIDDEN,行动,食物调味_巧妙加精液
pl_action_food_sement_direct,PL_ACTION_FOOD_SEMEN_DIRECT,行动,食物调味_直接加精液
pl_action_food_medicine,PL_ACTION_FOOD_MEDICINE,行动,食物调味_加药

flag_baby_exist,FLAG_BABY_EXIST,生育,当前有婴儿存在
reproduction_period_0,REPRODUCTION_PERIOD_0,生育,自己当前是安全期
reproduction_period_1,REPRODUCTION_PERIOD_1,生育,自己当前是普通期
reproduction_period_2,REPRODUCTION_PERIOD_2,生育,自己当前是危险期
reproduction_period_3,REPRODUCTION_PERIOD_3,生育,自己当前是排卵期
t_reproduction_period_0,T_REPRODUCTION_PERIOD_0,生育,交互对象当前是安全期
t_reproduction_period_1,T_REPRODUCTION_PERIOD_1,生育,交互对象当前是普通期
t_reproduction_period_2,T_REPRODUCTION_PERIOD_2,生育,交互对象当前是危险期
t_reproduction_period_3,T_REPRODUCTION_PERIOD_3,生育,交互对象当前是排卵期

to_do,TO_DO,未分类,未实装


