cid,context
文本id,文本内容
str,str
0,1
ui用的文本,
头发精液污浊1,有一点精液
头发精液污浊2,能看出精液附着
头发精液污浊3,大量精液
头发精液污浊4,精液覆盖
脸部精液污浊1,有精液附着
脸部精液污浊2,大量精液
口腔精液污浊1,有一点精液
口腔精液污浊2,大量精液
口腔精液污浊3,满是精液
胸部精液污浊1,有一点精液
胸部精液污浊2,大量精液
胸部精液污浊3,精液覆盖
腋部精液污浊1,有精液附着
腋部精液污浊2,大量精液
手部精液污浊1,有精液附着
手部精液污浊2,大量精液
小穴精液污浊1,有一点精液
小穴精液污浊2,精液滋润
小穴精液污浊3,大量精液
小穴精液污浊4,满是精液
子宫精液污浊1,有一点精液
子宫精液污浊2,精液滋润
子宫精液污浊3,大量精液
子宫精液污浊4,满是精液
子宫精液污浊5,略微鼓胀
子宫精液污浊6,精液膨胀
子宫精液污浊7,难以置信的精液膨胀
后穴精液污浊1,有一点精液
后穴精液污浊2,精液滋润
后穴精液污浊3,大量精液
后穴精液污浊4,精液灌肠
后穴精液污浊5,满是精液
后穴精液污浊6,精液膨胀
后穴精液污浊7,难以置信的精液膨胀
尿道精液污浊1,有一点精液
尿道精液污浊2,精液滋润
尿道精液污浊3,大量精液
尿道精液污浊4,满是精液
尿道精液污浊5,精液膨胀
尿道精液污浊6,难以忍受的精液膨胀
腿部精液污浊1,有一点精液
腿部精液污浊2,大量精液
腿部精液污浊3,满是精液
脚部精液污浊1,有一点精液
脚部精液污浊2,大量精液
尾巴精液污浊1,有一点精液
尾巴精液污浊2,有精液附着
尾巴精液污浊3,大量精液
尾巴精液污浊4,大量精液
兽角精液污浊1,有精液附着
兽角精液污浊2,大量精液
兽耳精液污浊1,有精液附着
兽耳精液污浊2,大量精液
兽耳精液污浊3,满是精液
胃部精液污浊1,有一点精液
胃部精液污浊2,有精液在晃荡
胃部精液污浊3,明显的感到胃里精液的分量
胃部精液污浊4,几乎全被精液占据
胃部精液污浊5,过量的精液有饱腹感
胃部精液污浊6,精液膨胀
胃部精液污浊7,难以置信的精液膨胀
胯部精液污浊1,有精液附着
胯部精液污浊2,大量精液
腹部精液污浊1,有一点精液
腹部精液污浊2,大量精液
腹部精液污浊3,满是精液
背部精液污浊1,有一点精液
背部精液污浊2,大量精液
背部精液污浊3,满是精液
腹部整体精液污浊1,肚子一切正常
腹部整体精液污浊2,肚子有一点膨胀
腹部整体精液污浊3,肚子有较大的鼓起
腹部整体精液污浊4,肚子大的像是塞了一个皮球
腹部整体精液污浊5,肚子像是怀孕了一般高高膨胀
腹部整体精液污浊6,肚子圆滚滚的像是快要生产三胞胎似的
帽子精液污浊1,有一点精液
帽子精液污浊2,有精液附着
帽子精液污浊3,大量精液
帽子精液污浊4,满是精液
帽子精液污浊5,被精液覆盖
眼镜精液污浊1,有精液附着
眼镜精液污浊2,大量精液
耳饰精液污浊1,有一点精液
耳饰精液污浊2,大量精液
耳饰精液污浊3,满是精液
脖饰精液污浊1,有一点精液
脖饰精液污浊2,大量精液
脖饰精液污浊3,满是精液
口饰精液污浊1,有一点精液
口饰精液污浊2,大量精液
口饰精液污浊3,被精液覆盖
上衣精液污浊1,有精液的气味
上衣精液污浊2,有一点精液
上衣精液污浊3,有精液附着
上衣精液污浊4,大量精液
上衣精液污浊5,满是精液
上衣精液污浊6,被精液覆盖
胸衣精液污浊1,有精液附着
胸衣精液污浊2,大量精液
胸衣精液污浊3,满是精液
手套精液污浊1,有精液附着
手套精液污浊2,大量精液
手套精液污浊3,满是精液
下衣精液污浊1,有精液的气味
下衣精液污浊2,有一点精液
下衣精液污浊3,有精液附着
下衣精液污浊4,大量精液
下衣精液污浊5,满是精液
下衣精液污浊6,被精液覆盖
内裤精液污浊1,有精液附着
内裤精液污浊2,大量精液
内裤精液污浊3,满是精液
袜子精液污浊1,有一点精液
袜子精液污浊2,有精液附着
袜子精液污浊3,大量精液
袜子精液污浊4,满是精液
袜子精液污浊5,被精液覆盖
鞋子精液污浊1,有一点精液
鞋子精液污浊2,有精液附着
鞋子精液污浊3,大量精液
鞋子精液污浊4,满是精液
鞋子精液污浊5,被精液覆盖
武器精液污浊1,有一点精液
武器精液污浊2,有精液附着
武器精液污浊3,大量精液
附属物精液污浊1,有精液附着
附属物精液污浊2,大量精液
